date,aapl,sp500,vix,fed_rate,googl,msft
2024-12-13,246.7819061279297,6051.08984375,13.8100004196167,4.2179999351501465,188.9464569091797,442.983642578125
2024-12-16,249.6761016845703,6074.080078125,14.6899995803833,4.228000164031982,195.75498962402344,447.2622375488281
2024-12-17,252.1028289794922,6050.60986328125,15.869999885559082,4.239999771118164,194.5207061767578,450.1047668457031
2024-12-18,246.7023468017578,5872.16015625,27.6200008392334,4.23199987411499,187.53297424316406,433.1983337402344
2024-12-19,248.43287658691406,5867.080078125,24.09000015258789,4.21999979019165,187.64248657226562,432.841796875
2024-12-20,253.10736083984375,5930.85009765625,18.360000610351562,4.215000152587891,190.5291748046875,432.41595458984375
2024-12-23,253.8831329345703,5974.06982421875,16.780000686645508,4.215000152587891,193.7343292236328,431.078857421875
2024-12-24,256.7972412109375,6040.0400390625,14.270000457763672,4.199999809265137,195.20755004882812,435.1197509765625
2024-12-26,257.61273193359375,6037.58984375,14.729999542236328,4.215000152587891,194.69989013671875,433.91143798828125
2024-12-27,254.20138549804688,5970.83984375,15.949999809265137,4.177999973297119,191.8729248046875,426.4040832519531
2024-12-30,250.8297882080078,5906.93994140625,17.399999618530273,4.182000160217285,190.3599395751953,420.7586975097656
2024-12-31,249.05946350097656,5881.6298828125,17.350000381469727,4.208000183105469,188.4288787841797,417.46063232421875
2025-01-02,242.52516174316406,5868.5498046875,17.93000030517578,4.208000183105469,188.55825805664062,414.568603515625
2025-01-03,242.03781127929688,5942.47021484375,16.1299991607666,4.192999839782715,190.9073944091797,419.2928771972656
2025-01-06,243.66891479492188,5975.3798828125,16.040000915527344,4.190000057220459,195.96401977539062,423.749755859375
2025-01-07,240.8940887451172,5909.02978515625,17.81999969482422,4.203000068664551,194.59039306640625,418.3222961425781
2025-01-08,241.38140869140625,5918.25,17.700000762939453,4.204999923706055,193.05746459960938,420.49127197265625
2025-01-10,235.56320190429688,5827.0400390625,19.540000915527344,4.2129998207092285,191.15625,414.9350280761719
2025-01-13,233.12649536132812,5836.22021484375,19.190000534057617,4.2179999351501465,190.13099670410156,413.1919250488281
2025-01-14,232.0125732421875,5842.91015625,18.709999084472656,4.2129998207092285,188.78720092773438,411.6864929199219
2025-01-15,236.57763671875,5949.91015625,16.1200008392334,4.204999923706055,194.65011596679688,422.2244873046875
2025-01-16,227.0198516845703,5937.33984375,16.600000381469727,4.195000171661377,192.0222625732422,420.51104736328125
2025-01-17,228.7305145263672,5996.66015625,15.970000267028809,4.192999839782715,195.0980224609375,424.91845703125
2025-01-21,221.43038940429688,6049.240234375,15.0600004196167,4.197000026702881,197.1385955810547,424.3935546875
2025-01-22,222.6139373779297,6086.3701171875,15.100000381469727,4.215000152587891,197.4571075439453,441.9239196777344
2025-01-23,222.44485473632812,6118.7099609375,15.020000457763672,4.2129998207092285,197.0689239501953,442.4289855957031
2025-01-24,221.5696258544922,6101.240234375,14.850000381469727,4.204999923706055,199.28868103027344,439.8044128417969
2025-01-27,228.6111602783203,6012.27978515625,17.899999618530273,4.188000202178955,190.9272918701172,430.39544677734375
2025-01-28,236.9655303955078,6067.7001953125,16.40999984741211,4.190000057220459,194.40126037597656,442.91436767578125
2025-01-29,238.05955505371094,6039.31005859375,16.559999465942383,4.188000202178955,194.51075744628906,438.09100341796875
2025-01-30,236.29916381835938,6071.169921875,15.84000015258789,4.182000160217285,199.94561767578125,411.01300048828125
2025-01-31,234.71780395507812,6040.52978515625,16.43000030517578,4.188000202178955,203.0811309814453,411.0823059082031
2025-02-03,226.7711944580078,5994.56982421875,18.6200008392334,4.190000057220459,200.303955078125,406.9820251464844
2025-02-04,231.5352020263672,6037.8798828125,17.209999084472656,4.2129998207092285,205.43028259277344,408.4181213378906
2025-02-05,231.20700073242188,6061.47998046875,15.770000457763672,4.210000038146973,190.44952392578125,409.32928466796875
2025-02-06,231.95291137695312,6083.56982421875,15.5,4.2129998207092285,190.71827697753906,411.8350524902344
2025-02-07,226.39328002929688,6025.990234375,16.540000915527344,4.228000164031982,184.48709106445312,405.8232116699219
2025-02-10,226.66209411621094,6066.43994140625,15.8100004196167,4.228000164031982,185.6118927001953,408.26953125
2025-02-11,231.6105499267578,6068.5,16.020000457763672,4.224999904632568,184.46717834472656,407.49700927734375
2025-02-12,235.84210205078125,6051.97021484375,15.890000343322754,4.228000164031982,182.76504516601562,405.1200256347656
2025-02-13,240.48187255859375,6115.06982421875,15.100000381469727,4.2129998207092285,185.28341674804688,406.6056213378906
2025-02-14,243.53855895996094,6114.6298828125,14.770000457763672,4.2129998207092285,184.3776092529297,404.515869140625
2025-02-18,243.40911865234375,6129.580078125,15.350000381469727,4.2129998207092285,182.92431640625,405.7142639160156
2025-02-19,243.80738830566406,6144.14990234375,15.270000457763672,4.2179999351501465,184.41741943359375,410.7950744628906
2025-02-20,244.7632293701172,6117.52001953125,15.65999984741211,4.204999923706055,183.71067810058594,412.968505859375
2025-02-21,244.48443603515625,6013.1298828125,18.209999084472656,4.197000026702881,178.83323669433594,405.1086120605469
2025-02-24,246.0277099609375,5983.25,18.979999542236328,4.190000057220459,178.42510986328125,400.9306335449219
2025-02-25,245.9679718017578,5955.25,19.43000030517578,4.182000160217285,174.6127471923828,394.876953125
2025-02-26,239.3169403076172,5956.06005859375,19.100000381469727,4.192999839782715,171.93511962890625,396.69305419921875
2025-02-27,236.27024841308594,5861.56982421875,21.1299991607666,4.195000171661377,167.72459411621094,389.5477600097656
2025-02-28,240.79052734375,5954.5,19.6299991607666,4.192999839782715,169.4963836669922,393.973876953125
2025-03-03,236.9970703125,5849.72021484375,22.780000686645508,4.192999839782715,166.241455078125,385.5384521484375
2025-03-04,234.9061737060547,5778.14990234375,23.510000228881836,4.195000171661377,170.13343811035156,385.65753173828125
2025-03-05,234.7169952392578,5842.6298828125,21.93000030517578,4.204999923706055,172.22378540039062,397.9732666015625
2025-03-06,234.30877685546875,5738.52001953125,24.8700008392334,4.197000026702881,171.55686950683594,393.8746643066406
2025-03-07,238.03256225585938,5770.2001953125,23.3700008392334,4.197000026702881,173.05992126464844,390.32183837890625
2025-03-10,226.49285888671875,5614.56005859375,27.860000610351562,4.184999942779541,165.2968292236328,377.2717590332031
2025-03-11,219.8816680908203,5572.06982421875,26.920000076293945,4.195000171661377,163.47314453125,377.5595397949219
2025-03-12,216.0384063720703,5599.2998046875,24.229999542236328,4.197000026702881,166.53256225585938,380.35809326171875
2025-03-13,208.7700958251953,5521.52001953125,24.65999984741211,4.188000202178955,162.19760131835938,375.89227294921875
2025-03-14,212.56358337402344,5638.93994140625,21.770000457763672,4.188000202178955,164.9181671142578,385.6079406738281
2025-03-17,213.07135009765625,5675.1201171875,20.510000228881836,4.188000202178955,163.72230529785156,385.7468566894531
2025-03-18,211.7670135498047,5614.66015625,21.700000762939453,4.195000171661377,160.11480712890625,380.6062316894531
2025-03-19,214.3059539794922,5675.2900390625,19.899999618530273,4.190000057220459,163.32366943359375,384.8735656738281
2025-03-20,213.17091369628906,5662.89013671875,19.799999237060547,4.182000160217285,162.23745727539062,383.9010009765625
2025-03-21,217.3227996826172,5667.56005859375,19.280000686645508,4.184999942779541,163.42333984375,388.28741455078125
2025-03-24,219.7721405029297,5767.56982421875,17.479999542236328,4.182000160217285,167.1005859375,390.0935974121094
2025-03-25,222.77903747558594,5776.64990234375,17.149999618530273,4.182000160217285,169.97064208984375,392.1578063964844
2025-03-26,220.56866455078125,5712.2001953125,18.329999923706055,4.190000057220459,164.4896240234375,387.0072326660156
2025-03-27,222.87860107421875,5693.31005859375,18.690000534057617,4.188000202178955,161.6793975830078,387.61260986328125
2025-03-28,216.9544219970703,5580.93994140625,21.649999618530273,4.188000202178955,153.7967071533203,375.92205810546875
2025-03-31,221.1660614013672,5611.85009765625,22.280000686645508,4.192999839782715,154.10565185546875,372.5379943847656
2025-04-01,222.22146606445312,5633.06982421875,21.770000457763672,4.199999809265137,156.52725219726562,379.2863464355469
2025-04-02,222.91842651367188,5670.97021484375,21.510000228881836,4.203000068664551,156.49734497070312,379.2367248535156
2025-04-03,202.30825805664062,5396.52001953125,30.020000457763672,4.184999942779541,150.19918823242188,370.27532958984375
2025-04-04,187.56253051757812,5074.080078125,45.310001373291016,4.15500020980835,145.0968780517578,357.1061706542969
2025-04-07,180.6725616455078,5062.25,46.97999954223633,4.150000095367432,146.24290466308594,355.14117431640625
2025-04-08,171.67178344726562,4982.77001953125,52.33000183105469,4.177999973297119,144.19998168945312,351.8662414550781
2025-04-09,197.98709106445312,5456.89990234375,33.619998931884766,4.228000164031982,158.16159057617188,387.52325439453125
2025-04-10,189.5936737060547,5268.0498046875,40.720001220703125,4.197000026702881,152.2919464111328,378.45269775390625
2025-04-11,197.2901153564453,5363.35986328125,37.560001373291016,4.2129998207092285,156.59701538085938,385.4988098144531
2025-04-14,201.64117431640625,5405.97021484375,30.889999389648438,4.195000171661377,158.5203399658203,384.8636474609375
2025-04-15,201.2628173828125,5396.6298828125,30.1200008392334,4.199999809265137,155.76988220214844,382.7994384765625
2025-04-16,193.42697143554688,5275.7001953125,32.63999938964844,4.208000183105469,152.8001708984375,368.7867126464844
2025-04-17,196.12521362304688,5282.7001953125,29.649999618530273,4.204999923706055,150.63768005371094,364.9858093261719
2025-04-21,192.32177734375,5158.2001953125,33.81999969482422,4.210000038146973,147.15972900390625,356.3916015625
2025-04-22,198.8732452392578,5287.759765625,30.56999969482422,4.2129998207092285,150.94659423828125,364.0331115722656
2025-04-23,203.71214294433594,5375.85986328125,28.450000762939453,4.208000183105469,154.8131866455078,371.5456237792969
2025-04-24,207.4657745361328,5484.77001953125,26.469999313354492,4.197000026702881,158.7296142578125,384.35748291015625
2025-04-25,208.371826171875,5525.2099609375,24.84000015258789,4.192999839782715,161.40036010742188,388.8729553222656
2025-04-28,209.2281036376953,5528.75,25.149999618530273,4.192999839782715,160.05502319335938,388.18817138671875
2025-04-29,210.29345703125,5560.830078125,24.170000076293945,4.190000057220459,159.6065673828125,391.0462951660156
2025-04-30,211.57785034179688,5569.06005859375,24.700000762939453,4.190000057220459,158.25128173828125,392.257080078125
2025-05-01,212.39430236816406,5604.14013671875,24.600000381469727,4.184999942779541,160.74264526367188,422.16802978515625
2025-05-02,204.45889282226562,5686.669921875,22.68000030517578,4.208000183105469,163.46319580078125,431.97296142578125
2025-05-05,198.02691650390625,5650.3798828125,23.639999389648438,4.208000183105469,163.642578125,432.8562316894531
2025-05-06,197.64854431152344,5606.91015625,24.760000228881836,4.210000038146973,162.66595458984375,430.0179443359375
2025-05-07,195.3983612060547,5631.27978515625,23.549999237060547,4.215000152587891,150.85690307617188,430.0576477050781
2025-05-08,196.63299560546875,5663.93994140625,22.479999542236328,4.215000152587891,153.7468719482422,434.841064453125
2025-05-09,197.66848754882812,5659.91015625,21.899999618530273,4.215000152587891,152.22218322753906,435.39678955078125
2025-05-12,210.15048217773438,5844.18994140625,18.389999389648438,4.28000020980835,157.91246032714844,445.84674072265625
2025-05-13,212.2840118408203,5886.5498046875,18.219999313354492,4.284999847412109,158.97874450683594,445.7276916503906
2025-05-14,211.68582153320312,5892.580078125,18.6200008392334,4.284999847412109,164.79855346679688,449.498779296875
2025-05-15,210.8084716796875,5916.93017578125,17.829999923706055,4.257999897003174,163.39344787597656,450.512939453125
2025-05-16,210.6190643310547,5958.3798828125,17.239999771118164,4.236999988555908,165.61572265625,451.6463317871094
2025-05-19,208.14659118652344,5963.60009765625,18.139999389648438,4.239999771118164,165.9645233154297,456.2197570800781
2025-05-20,206.232421875,5940.4599609375,18.09000015258789,4.248000144958496,163.41336059570312,455.5238342285156
2025-05-21,201.4768829345703,5844.60986328125,20.8700008392334,4.235000133514404,167.9775390625,449.9561767578125
2025-05-22,200.7490997314453,5842.009765625,20.280000686645508,4.23199987411499,170.27955627441406,452.2329406738281
2025-05-23,194.67758178710938,5802.81982421875,22.290000915527344,4.230000019073486,167.88784790039062,447.5799560546875
2025-05-27,199.60260009765625,5921.5400390625,18.959999084472656,4.203000068664551,172.30255126953125,458.0292663574219
2025-05-28,199.81195068359375,5888.5498046875,19.309999465942383,4.224999904632568,171.76441955566406,454.7184753417969
2025-05-29,199.3433837890625,5912.169921875,19.18000030517578,4.230000019073486,171.26614379882812,456.0308837890625
2025-05-30,200.24066162109375,5911.68994140625,18.56999969482422,4.23199987411499,171.14657592773438,457.7011413574219
2025-06-02,201.08807373046875,5935.93994140625,18.360000610351562,4.23199987411499,168.44590759277344,459.3018798828125
2025-06-03,202.6533203125,5970.3701171875,17.690000534057617,4.235000133514404,165.6057586669922,460.29608154296875
2025-06-04,202.20468139648438,5970.81005859375,17.610000610351562,4.239999771118164,167.46929931640625,461.1908874511719
2025-06-05,200.02133178710938,5939.2998046875,18.479999542236328,4.23199987411499,167.62875366210938,464.9788818359375
2025-06-06,203.30133056640625,6000.35986328125,16.770000457763672,4.23199987411499,173.079833984375,467.663330078125
2025-06-09,200.83883666992188,6005.8798828125,17.15999984741211,4.239999771118164,175.69395446777344,470.0196228027344
2025-06-10,202.05511474609375,6038.81005859375,16.950000762939453,4.25,178.1983184814453,468.2002258300781
2025-06-11,198.17694091796875,6022.240234375,17.260000228881836,4.25,176.9511260986328,469.8903503417969
2025-06-12,198.5956573486328,6045.259765625,18.020000457763672,4.257999897003174,175.30484008789062,476.104248046875
2025-06-13,195.85398864746094,5976.97021484375,20.81999969482422,4.239999771118164,174.2771453857422,472.2168273925781
2025-06-16,197.8180389404297,6033.10986328125,19.110000610351562,4.248000144958496,176.3724365234375,476.3727111816406
2025-06-17,195.0464630126953,5982.72021484375,21.600000381469727,4.2179999351501465,175.55426025390625,475.279052734375
2025-06-18,195.9835968017578,5980.8701171875,20.139999389648438,4.2230000495910645,172.93020629882812,477.4663391113281
2025-06-20,200.39019775390625,5967.83984375,20.6200008392334,4.195000171661377,166.26522827148438,474.64276123046875
2025-06-23,200.888671875,6025.169921875,19.829999923706055,4.1579999923706055,164.8184814453125,483.1930847167969
2025-06-24,199.6923065185547,6092.18017578125,17.479999542236328,4.182000160217285,166.39492797851562,487.2793273925781
2025-06-25,200.94850158691406,6092.16015625,16.760000228881836,4.188000202178955,170.29612731933594,489.4268798828125
2025-06-26,200.39019775390625,6141.02001953125,16.59000015258789,4.192999839782715,173.14968872070312,494.57696533203125
2025-06-27,200.46995544433594,6173.06982421875,16.31999969482422,4.197000026702881,178.1284637451172,493.07568359375
2025-06-30,204.54754638671875,6204.9501953125,16.729999542236328,4.190000057220459,175.83364868164062,494.5372009277344
2025-07-01,207.18951416015625,6198.009765625,16.829999923706055,4.224999904632568,175.4445343017578,489.2080993652344
2025-07-02,211.79550170898438,6227.419921875,16.639999389648438,4.2230000495910645,178.23822021484375,488.2536926269531
2025-07-03,212.90213012695312,6279.35009765625,16.3799991607666,4.239999771118164,179.126220703125,495.9589538574219
2025-07-07,209.3130340576172,6229.97998046875,17.790000915527344,4.244999885559082,176.3923797607422,494.84539794921875
2025-07-08,209.3728485107422,6225.52001953125,16.809999465942383,4.25,173.9678497314453,493.7517395019531
2025-07-09,210.49942016601562,6263.259765625,15.9399995803833,4.244999885559082,176.2227783203125,500.6019592285156
2025-07-10,211.7655792236328,6280.4599609375,15.779999732971191,4.239999771118164,177.2205047607422,498.58367919921875
2025-07-11,210.51937866210938,6259.75,16.399999618530273,4.236999988555908,179.7847442626953,500.41302490234375
2025-07-14,207.98707580566406,6268.56005859375,17.200000762939453,4.228000164031982,181.1516571044922,500.1147766113281
2025-07-15,208.4755859375,6243.759765625,17.3799991607666,4.23199987411499,181.59068298339844,502.89862060546875
2025-07-16,209.52239990234375,6263.7001953125,17.15999984741211,4.224999904632568,182.55848693847656,502.69976806640625
2025-07-17,209.38284301757812,6297.35986328125,16.520000457763672,4.235000133514404,183.16712951660156,508.7446594238281
2025-07-18,210.53929138183594,6296.7900390625,16.40999984741211,4.230000019073486,184.64378356933594,507.1041564941406
2025-07-21,211.83535766601562,6305.60009765625,16.649999618530273,4.2230000495910645,189.67245483398438,507.1141357421875
2025-07-22,213.74952697753906,6309.6201171875,16.5,4.230000019073486,190.90966796875,502.3517761230469
2025-07-23,213.5002899169922,6358.91015625,15.369999885559082,4.239999771118164,189.80215454101562,502.94830322265625
2025-07-24,213.11148071289062,6363.35009765625,15.390000343322754,4.244999885559082,191.73780822753906,507.9294128417969
2025-07-25,213.2311248779297,6388.64013671875,14.930000305175781,4.244999885559082,192.74551391601562,510.74310302734375
2025-07-28,213.40060424804688,6389.77001953125,15.029999732971191,4.235000133514404,192.14688110351562,509.5400390625
2025-07-29,210.62904357910156,6370.85986328125,15.979999542236328,4.230000019073486,195.3097381591797,509.6096496582031
2025-07-30,208.415771484375,6362.89990234375,15.479999542236328,4.23199987411499,196.08799743652344,510.2757568359375
2025-07-31,206.9402618408203,6339.39013671875,16.719999313354492,4.235000133514404,191.46839904785156,530.4187622070312
2025-08-01,201.76602172851562,6238.009765625,20.3799991607666,4.182000160217285,188.70465087890625,521.0829467773438
2025-08-04,202.7330780029297,6329.93994140625,17.520000457763672,4.1529998779296875,194.60133361816406,532.54638671875
2025-08-05,202.30438232421875,6299.18994140625,17.850000381469727,4.150000095367432,194.232177734375,524.701904296875
2025-08-06,212.60302734375,6345.06005859375,16.770000457763672,4.132999897003174,195.64898681640625,521.908203125
2025-08-07,219.3624725341797,6340.0,16.56999969482422,4.138000011444092,196.07801818847656,517.8318481445312
2025-08-08,228.65420532226562,6389.4501953125,15.149999618530273,4.132999897003174,200.9669952392578,519.0249633789062
2025-08-11,226.74781799316406,6373.4501953125,16.25,4.14300012588501,200.54794311523438,518.7565307617188
2025-08-12,229.21310424804688,6445.759765625,14.729999542236328,4.130000114440918,202.88267517089844,526.183349609375
2025-08-13,232.88612365722656,6466.580078125,14.489999771118164,4.110000133514404,201.5057830810547,517.5733642578125
2025-08-14,232.33717346191406,6468.5400390625,14.829999923706055,4.111999988555908,202.48358154296875,519.4623413085938
2025-08-15,231.1494140625,6449.7998046875,15.09000015258789,4.111999988555908,203.44142150878906,517.1657104492188
2025-08-18,230.45074462890625,6449.14990234375,14.989999771118164,4.123000144958496,203.0423126220703,514.1134033203125
2025-08-19,230.1213836669922,6411.3701171875,15.569999694824219,4.110000133514404,201.11666870117188,506.8258056640625
2025-08-20,225.5800323486328,6395.77978515625,15.6899995803833,4.114999771118164,198.87173461914062,502.7991943359375
2025-08-21,224.47213745117188,6370.169921875,16.600000381469727,4.127999782562256,199.3007354736328,502.15185546875
2025-08-22,227.3267059326172,6466.91015625,14.220000267028809,4.0879998207092285,205.62648010253906,505.1295166015625
2025-08-25,226.7278594970703,6439.31982421875,14.789999961853027,4.0929999351501465,208.02110290527344,502.17181396484375
2025-08-26,228.87376403808594,6465.93994140625,14.619999885559082,4.0879998207092285,206.67413330078125,499.96099853515625
2025-08-27,230.05152893066406,6481.39990234375,14.850000381469727,4.059999942779541,207.01336669921875,504.6415100097656
2025-08-28,232.11758422851562,6501.85986328125,14.430000305175781,4.072000026702881,211.1640167236328,507.5295104980469
2025-08-29,231.69837951660156,6460.259765625,15.359999656677246,4.043000221252441,212.43116760253906,504.59173583984375
2025-09-02,229.28298950195312,6415.5400390625,17.170000076293945,4.0320000648498535,210.87466430664062,503.0282287597656
2025-09-03,238.01634216308594,6448.259765625,16.350000381469727,4.01800012588501,230.14122009277344,503.2572937011719
2025-09-04,239.3238525390625,6502.080078125,15.300000190734863,3.997999906539917,231.77755737304688,505.866455078125
2025-09-05,239.2340087890625,6481.5,15.180000305175781,3.9100000858306885,234.47146606445312,492.9501647949219
2025-09-08,237.42745971679688,6495.14990234375,15.109999656677246,3.927999973297119,233.72247314453125,496.13690185546875
2025-09-09,233.9041748046875,6512.60986328125,15.039999961853027,3.943000078201294,239.30491638183594,496.3460388183594
2025-09-10,226.35855102539062,6532.0400390625,15.350000381469727,3.930000066757202,238.84552001953125,498.29791259765625
2025-09-11,229.59239196777344,6587.47021484375,14.710000038146973,3.927999973297119,240.0438995361328,498.9352722167969
2025-09-12,233.62472534179688,6584.2900390625,14.760000228881836,3.927999973297119,240.4733123779297,507.7884521484375
2025-09-15,236.24969482421875,6615.27978515625,15.6899995803833,3.9000000953674316,251.26864624023438,513.225830078125
2025-09-16,237.6969451904297,6606.759765625,16.360000610351562,3.890000104904175,250.8192596435547,506.9320068359375
2025-09-17,238.5353546142578,6600.35009765625,15.720000267028809,3.868000030517578,249.19146728515625,507.9079284667969
2025-09-18,237.42745971679688,6631.9599609375,15.699999809265137,3.880000114440918,251.68807983398438,506.3444519042969
2025-09-19,245.032958984375,6664.35986328125,15.449999809265137,3.878000020980835,254.3744354248047,515.78515625
2025-09-22,255.5928192138672,6693.75,16.100000381469727,3.8480000495910645,252.18739318847656,512.319580078125
2025-09-23,253.9459686279297,6656.919921875,16.639999389648438,3.8450000286102295,251.31858825683594,507.1212463378906
2025-09-24,251.8300018310547,6637.97021484375,16.18000030517578,3.8580000400543213,246.80470275878906,508.0373840332031
2025-09-25,256.3813171386719,6604.72021484375,16.739999771118164,3.882999897003174,245.45654296875,504.9303283691406
2025-09-26,254.97401428222656,6643.7001953125,15.289999961853027,3.859999895095825,246.2055206298828,509.34197998046875
2025-09-29,253.9459686279297,6661.2099609375,16.1200008392334,3.86299991607666,243.71890258789062,512.4689331054688
2025-09-30,254.14559936523438,6688.4599609375,16.280000686645508,3.8450000286102295,242.77020263671875,515.8051147460938
2025-10-01,254.9640350341797,6711.2001953125,16.290000915527344,3.8450000286102295,244.5677490234375,517.557861328125
2025-10-02,256.6408386230469,6715.35009765625,16.6299991607666,3.8480000495910645,245.35667419433594,513.604248046875
2025-10-03,257.5291442871094,6715.7900390625,16.649999618530273,3.8580000400543213,245.01715087890625,515.20751953125
2025-10-06,256.2016906738281,6740.27978515625,16.3700008392334,3.859999895095825,250.09024047851562,526.3811645507812
2025-10-07,255.99208068847656,6714.58984375,17.239999771118164,3.8429999351501465,245.42657470703125,521.8101196289062
2025-10-08,257.5690612792969,6753.72021484375,16.299999237060547,3.8429999351501465,244.2881317138672,522.676513671875
2025-10-09,253.55670166015625,6735.10986328125,16.43000030517578,3.8529999256134033,241.2023162841797,520.2366943359375
2025-10-10,244.80340576171875,6552.509765625,21.65999984741211,3.8529999256134033,236.2490692138672,508.84405517578125
2025-10-13,247.18885803222656,6654.72021484375,19.030000686645508,3.8529999256134033,243.81875610351562,511.9212341308594
2025-10-14,247.29864501953125,6644.31005859375,20.809999465942383,3.8529999256134033,245.1169891357422,511.4432373046875
2025-10-15,248.8656463623047,6671.06005859375,20.639999389648438,3.8580000400543213,250.68942260742188,511.3038024902344
2025-10-16,246.979248046875,6629.06982421875,25.309999465942383,3.8529999256134033,251.1188507080078,509.4913330078125
2025-10-17,251.81002807617188,6664.009765625,20.780000686645508,3.8320000171661377,252.9563446044922,511.4532470703125
2025-10-20,261.7411193847656,6735.1298828125,18.229999542236328,3.7980000972747803,256.2019348144531,514.6498413085938
2025-10-21,262.2701110839844,6735.35009765625,17.8700008392334,3.7850000858306885,250.12020874023438,515.5162963867188
2025-10-22,257.9583435058594,6699.39990234375,18.600000381469727,3.7880001068115234,251.34854125976562,518.3843994140625
2025-10-23,259.0861511230469,6738.43994140625,17.299999237060547,3.7880001068115234,252.73666381835938,518.404296875
2025-10-24,262.32000732421875,6791.68994140625,16.3700008392334,3.763000011444092,259.5673828125,521.441650390625
2025-10-27,268.2986145019531,6875.16015625,15.789999961853027,3.7179999351501465,268.9046630859375,529.3189697265625
2025-10-28,268.4882507324219,6890.89013671875,16.420000076293945,3.7200000286102295,267.1071472167969,539.8252563476562
2025-10-29,269.1869201660156,6890.58984375,16.920000076293945,3.7300000190734863,274.197509765625,539.307373046875
2025-10-30,270.8836669921875,6822.33984375,16.90999984741211,3.756999969482422,281.09814453125,523.582763671875
2025-10-31,269.85565185546875,6840.2001953125,17.440000534057617,3.7179999351501465,280.8085021972656,515.6656494140625
2025-11-03,268.53814697265625,6851.97021484375,17.170000076293945,3.7829999923706055,283.3350830078125,514.888916015625
2025-11-04,269.5262756347656,6771.5498046875,19.0,3.7929999828338623,277.1634521484375,512.2001342773438
2025-11-05,269.6260986328125,6796.2900390625,18.010000228881836,3.7880001068115234,283.92425537109375,505.0597839355469
2025-11-06,269.25677490234375,6720.31982421875,19.5,3.763000011444092,284.3636779785156,495.04144287109375
2025-11-07,267.9592590332031,6728.7998046875,19.079999923706055,3.756999969482422,278.45172119140625,494.7626037597656
2025-11-10,269.1781311035156,6832.43017578125,17.600000381469727,3.7829999923706055,289.7064208984375,503.9045715332031
2025-11-11,274.99267578125,6846.60986328125,17.280000686645508,3.7829999923706055,290.914794921875,506.573486328125
2025-11-12,273.21435546875,6850.919921875,17.510000228881836,3.7780001163482666,286.3210144042969,509.0233154296875
2025-11-13,272.6948547363281,6737.490234375,20.0,3.7929999828338623,278.19207763671875,501.205810546875
2025-11-14,272.15533447265625,6734.10986328125,19.829999923706055,3.7880001068115234,276.0350036621094,508.0672607421875
2025-11-17,267.2099609375,6672.41015625,22.3799991607666,3.7720000743865967,284.63330078125,505.3883972167969
2025-11-18,267.19000244140625,6617.31982421875,24.690000534057617,3.7720000743865967,283.8943176269531,491.74517822265625
2025-11-19,268.3089294433594,6642.16015625,23.65999984741211,3.7720000743865967,292.4127502441406,485.1027526855469
2025-11-20,266.0010986328125,6538.759765625,26.420000076293945,3.7750000953674316,289.05731201171875,477.3404846191406
2025-11-21,271.2361755371094,6602.990234375,23.43000030517578,3.740000009536743,299.25347900390625,471.04486083984375
2025-11-24,275.6620788574219,6705.1201171875,20.520000457763672,3.7300000190734863,318.14776611328125,472.92059326171875
2025-11-25,276.7110900878906,6765.8798828125,18.559999465942383,3.7320001125335693,323.0011901855469,475.90374755859375
2025-11-26,277.29052734375,6812.60986328125,17.190000534057617,3.753000020980835,319.5159606933594,484.3943786621094
2025-11-28,278.5893249511719,6849.08984375,16.350000381469727,3.697000026702881,319.7456359863281,490.88958740234375
2025-12-01,282.8353576660156,6812.6298828125,17.239999771118164,3.693000078201294,314.46282958984375,485.6315612792969
2025-12-02,285.9224548339844,6829.3701171875,16.59000015258789,3.671999931335449,315.38153076171875,488.8841552734375
2025-12-03,283.8843688964844,6849.72021484375,16.079999923706055,3.634999990463257,319.19635009765625,476.64208984375
2025-12-04,280.4375915527344,6857.1201171875,15.779999732971191,3.611999988555908,317.1890869140625,479.7449951171875
2025-12-05,278.5193786621094,6870.39990234375,15.40999984741211,3.6029999256134033,320.8341064453125,482.0597229003906
2025-12-08,277.6302185058594,6846.509765625,16.65999984741211,3.618000030517578,313.49932861328125,489.9018249511719
2025-12-09,276.9208679199219,6840.509765625,16.93000030517578,3.631999969482422,316.85693359375,490.8995361328125
2025-12-10,278.5193786621094,6886.68017578125,15.770000457763672,3.5929999351501465,319.9847412109375,477.4701843261719
2025-12-11,277.77008056640625,6901.0,14.850000381469727,3.568000078201294,312.210205078125,482.3690185546875
2025-12-12,278.0198669433594,6827.41015625,15.739999771118164,3.5250000953674316,309.07244873046875,477.4402770996094
2025-12-15,273.8537292480469,6816.509765625,16.5,3.5380001068115234,308.003173828125,473.73870849609375
2025-12-16,274.353271484375,6800.259765625,16.479999542236328,3.5450000762939453,306.3543395996094,475.3051452636719
2025-12-17,271.58587646484375,6721.43017578125,17.6200008392334,3.5429999828338623,296.5112609863281,475.0357360839844
2025-12-18,271.935546875,6774.759765625,16.8700008392334,3.5220000743865967,302.2472229003906,482.87786865234375
2025-12-19,273.4141845703125,6834.5,14.90999984741211,3.5220000743865967,306.9439392089844,484.8134460449219
2025-12-22,270.7166748046875,6878.490234375,14.079999923706055,3.5280001163482666,309.56207275390625,483.81573486328125
2025-12-23,272.1053771972656,6909.7900390625,14.0,3.546999931335449,314.1288757324219,485.7413330078125
2025-12-24,273.55401611328125,6932.0498046875,13.470000267028809,3.555000066757202,313.8690490722656,486.90863037109375
2025-12-26,273.1444091796875,6929.93994140625,13.600000381469727,3.5429999828338623,313.2894592285156,486.599365234375
2025-12-29,273.50408935546875,6905.740234375,14.199999809265137,3.5380001068115234,313.33941650390625,485.9907531738281
2025-12-30,272.82470703125,6896.240234375,14.329999923706055,3.5399999618530273,313.6292419433594,486.3699035644531
2025-12-31,271.6058349609375,6845.5,14.949999809265137,3.546999931335449,312.7798156738281,482.5186767578125
2026-01-02,270.75665283203125,6858.47021484375,14.510000228881836,3.5329999923706055,314.9283142089844,471.8630065917969
2026-01-05,267.0101623535156,6902.0498046875,14.899999618530273,3.515000104904175,316.3173522949219,471.773193359375
2026-01-06,262.1147155761719,6944.81982421875,14.75,3.5199999809265137,314.1188659667969,477.4203186035156
2026-01-07,260.08660888671875,6920.93017578125,15.380000114440918,3.515000104904175,321.7535095214844,482.3690185546875
2026-01-08,258.7978515625,6921.4599609375,15.449999809265137,3.506999969482422,325.2110595703125,477.0212097167969
2026-01-09,259.1275329589844,6966.27978515625,14.489999771118164,3.513000011444092,328.3388671875,478.1885681152344
2026-01-12,260.0067138671875,6977.27001953125,15.119999885559082,3.5329999923706055,331.62652587890625,476.09332275390625
2026-01-13,260.8059387207031,6963.740234375,15.979999542236328,3.559999942779541,335.7336730957031,469.5981750488281
2026-01-14,259.71697998046875,6926.60009765625,16.75,3.559999942779541,335.603759765625,458.3338928222656
2026-01-15,257.9685974121094,6944.47021484375,15.84000015258789,3.565000057220459,332.5458984375,455.6200866699219
2026-01-16,255.29112243652344,6940.009765625,15.859999656677246,3.556999921798706,329.7678527832031,458.8127746582031
2026-01-20,246.46937561035156,6796.85986328125,20.09000015258789,3.572000026702881,321.77349853515625,453.48492431640625
2026-01-21,247.41848754882812,6875.6201171875,16.899999618530273,3.5880000591278076,328.1490173339844,443.0986328125
2026-01-22,248.1178436279297,6913.35009765625,15.640000343322754,3.5880000591278076,330.3074951171875,450.1126403808594
2026-01-23,247.80812072753906,6915.60986328125,16.09000015258789,3.5820000171661377,327.6993103027344,464.888916015625
2026-01-26,255.17123413085938,6950.22998046875,16.149999618530273,3.575000047683716,333.02557373046875,469.20904541015625
2026-01-27,258.0285339355469,6978.60009765625,16.350000381469727,3.569999933242798,334.31463623046875,479.485595703125
2026-01-28,256.2002868652344,6978.02978515625,16.350000381469727,3.5820000171661377,335.7736511230469,480.533203125
2026-01-29,258.0385437011719,6969.009765625,16.8799991607666,3.5799999237060547,338.0120544433594,432.5128173828125
2026-01-30,259.2374267578125,6939.02978515625,17.440000534057617,3.572000026702881,337.7622375488281,429.31011962890625
2026-02-02,269.7575988769531,6976.43994140625,16.34000015258789,3.578000068664551,343.4482421875,422.4058837890625
2026-02-03,269.22808837890625,6917.81005859375,18.0,3.5899999141693115,339.47100830078125,410.2735595703125
2026-02-04,276.23150634765625,6882.72021484375,18.639999389648438,3.5950000286102295,332.80572509765625,413.2467956542969
2026-02-05,275.6520690917969,6798.39990234375,21.770000457763672,3.578000068664551,331.0169677734375,392.7735290527344
2026-02-06,277.8599853515625,6932.2998046875,20.3700008392334,3.5899999141693115,322.63287353515625,400.22650146484375
2026-02-09,274.6199951171875,6964.81982421875,17.360000610351562,3.5929999351501465,324.09185791015625,412.65814208984375
2026-02-10,273.67999267578125,6941.81005859375,17.790000915527344,3.5899999141693115,318.3558654785156,412.328857421875
2026-02-11,275.5,6941.47021484375,17.649999618530273,3.5999999046325684,310.7412414550781,403.4491271972656
2026-02-12,261.7300109863281,6832.759765625,20.81999969482422,3.5980000495910645,308.7826232910156,400.9248962402344
2026-02-13,255.77999877929688,6836.169921875,20.600000381469727,3.5929999351501465,305.50494384765625,400.4060974121094
2026-02-17,263.8800048828125,6843.22021484375,20.290000915527344,3.5929999351501465,301.8075256347656,395.95623779296875
2026-02-18,264.3500061035156,6881.31005859375,19.6200008392334,3.6029999256134033,303.1166076660156,398.69000244140625
2026-02-19,260.5799865722656,6861.89013671875,20.229999542236328,3.5950000286102295,302.636962890625,398.4599914550781
2026-02-20,264.5799865722656,6909.509765625,19.09000015258789,3.5950000286102295,314.7584228515625,397.2300109863281
2026-02-23,266.17999267578125,6837.75,21.010000228881836,3.5880000591278076,311.2708740234375,384.4700012207031
2026-02-24,272.1400146484375,6890.06982421875,19.549999237060547,3.5880000591278076,310.6813049316406,389.0
2026-02-25,274.2300109863281,6946.1298828125,17.93000030517578,3.5880000591278076,312.67987060546875,400.6000061035156
2026-02-26,272.95001220703125,6908.85986328125,18.6299991607666,3.5880000591278076,307.1637878417969,401.7200012207031
2026-02-27,264.17999267578125,6878.8798828125,19.860000610351562,3.578000068664551,311.54071044921875,392.739990234375
2026-03-02,264.7200012207031,6881.6201171875,21.440000534057617,3.5899999141693115,306.3043518066406,398.54998779296875
2026-03-03,263.75,6816.6298828125,23.56999969482422,3.5950000286102295,303.3664245605469,403.92999267578125
2026-03-04,262.5199890136719,6869.5,21.149999618530273,3.5950000286102295,302.9167785644531,405.20001220703125
2026-03-05,260.2900085449219,6830.7099609375,23.75,3.5880000591278076,300.6683349609375,410.67999267578125
2026-03-06,257.4599914550781,6740.02001953125,29.489999771118164,3.569999933242798,298.30999755859375,408.9599914550781
2026-03-09,259.8800048828125,6795.990234375,25.5,3.5929999351501465,306.3599853515625,409.4100036621094
2026-03-10,260.8299865722656,6781.47998046875,24.93000030517578,3.5950000286102295,307.0400085449219,405.760009765625
2026-03-11,260.80999755859375,6775.7998046875,24.229999542236328,3.5999999046325684,308.70001220703125,404.8800048828125
2026-03-12,255.75999450683594,6672.6201171875,27.290000915527344,3.6050000190734863,303.54998779296875,401.8599853515625
2026-03-13,250.1199951171875,6632.18994140625,27.190000534057617,3.6029999256134033,302.2799987792969,395.54998779296875
2026-03-16,252.82000732421875,6699.3798828125,23.510000228881836,3.6050000190734863,305.55999755859375,399.95001220703125
2026-03-17,254.22999572753906,6716.08984375,22.3700008392334,3.6050000190734863,310.9200134277344,399.4100036621094
2026-03-18,249.94000244140625,6624.7001953125,25.09000015258789,3.609999895095825,307.69000244140625,391.7900085449219
2026-03-19,248.9600067138672,6606.490234375,24.059999465942383,3.611999988555908,307.1300048828125,389.0199890136719
2026-03-20,247.99000549316406,6506.47998046875,26.780000686645508,3.618000030517578,301.0,381.8699951171875
2026-03-23,251.49000549316406,6581.0,26.149999618530273,3.611999988555908,302.05999755859375,383.0
2026-03-24,251.63999938964844,6556.3701171875,26.950000762939453,3.619999885559082,290.44000244140625,372.739990234375
2026-03-25,252.6199951171875,6591.89990234375,25.329999923706055,3.619999885559082,290.92999267578125,371.0400085449219
2026-03-26,252.88999938964844,6477.16015625,27.440000534057617,3.619999885559082,280.9200134277344,365.9700012207031
2026-03-27,248.8000030517578,6368.85009765625,31.049999237060547,3.6070001125335693,274.3399963378906,356.7699890136719
2026-03-30,246.6300048828125,6343.72021484375,30.610000610351562,3.5980000495910645,273.5,358.9599914550781
2026-03-31,253.7899932861328,6528.52001953125,25.25,3.5999999046325684,287.55999755859375,370.1700134277344
2026-04-01,255.6300048828125,6575.31982421875,24.540000915527344,3.6050000190734863,297.3900146484375,369.3699951171875
2026-04-02,255.9199981689453,6582.68994140625,23.8700008392334,3.6070001125335693,295.7699890136719,373.4599914550781
2026-04-06,258.8599853515625,6611.830078125,24.170000076293945,3.622999906539917,299.989990234375,372.8800048828125
2026-04-07,253.5,6616.85009765625,25.780000686645508,3.615000009536743,305.4599914550781,372.2900085449219
2026-04-08,258.8999938964844,6782.81005859375,21.040000915527344,3.5999999046325684,317.32000732421875,374.3299865722656
2026-04-09,260.489990234375,6824.66015625,19.489999771118164,3.5880000591278076,318.489990234375,373.07000732421875
2026-04-10,260.4800109863281,6816.89013671875,19.229999542236328,3.5929999351501465,317.239990234375,370.8699951171875
2026-04-13,259.20001220703125,6886.240234375,19.1200008392334,3.6029999256134033,321.30999755859375,384.3699951171875
2026-04-14,258.8299865722656,6967.3798828125,18.360000610351562,3.611999988555908,332.9100036621094,393.1099853515625
2026-04-15,266.42999267578125,7022.9501953125,18.170000076293945,3.611999988555908,337.1199951171875,411.2200012207031
2026-04-16,263.3999938964844,7041.27978515625,17.940000534057617,3.609999895095825,336.0199890136719,420.260009765625
2026-04-17,270.2300109863281,7126.06005859375,17.479999542236328,3.5999999046325684,341.67999267578125,422.7900085449219
2026-04-20,273.04998779296875,7109.14013671875,18.8700008392334,3.5980000495910645,337.4200134277344,418.07000732421875
2026-04-21,266.1700134277344,7064.009765625,19.5,3.5980000495910645,332.2900085449219,424.1600036621094
2026-04-22,273.1700134277344,7137.89990234375,18.920000076293945,3.5950000286102295,339.32000732421875,432.9200134277344
2026-04-23,273.42999267578125,7108.39990234375,19.309999465942383,3.5950000286102295,338.8900146484375,415.75
2026-04-24,271.05999755859375,7165.080078125,18.709999084472656,3.5929999351501465,344.3999938964844,424.6199951171875
