date,Close,High,Low,Open,Volume,RSI_14,MACD_12_26_9,MACDh_12_26_9,MACDs_12_26_9,SMA_20,SMA_50,BBL_5_2.0_2.0,BBM_5_2.0_2.0,BBU_5_2.0_2.0,BBB_5_2.0_2.0,BBP_5_2.0_2.0
2024-12-13,442.983642578125,447.10377945438483,441.30983602760955,444.142443353527,20177800,,,,,,,,,,,
2024-12-16,447.2622375488281,447.8465797272876,441.01271109813007,442.9836304987913,23598800,100.0,,,,,,,,,,
2024-12-17,450.1047668457031,450.9268296361061,445.2616448801094,446.68784735190707,22733500,100.0,,,,,,,,,,
2024-12-18,433.1983337402344,448.3120705924071,432.83185420697276,446.9948298056794,24444500,76.2532347361436,,,,,,,,,,
2024-12-19,432.8417663574219,438.93282241461935,432.13857903304347,437.38777493352876,22963700,75.84416163733374,,,,,,425.3695613741622,441.2781494140625,457.18673745396285,7.210231488245707,0.23484815134186202
2024-12-20,432.4159240722656,439.48748337745457,424.5223020050907,428.9593493416428,64263700,75.32444045593884,,,,,,421.6609441069418,439.16460571289065,456.66826731883947,7.971344401735353,0.3072208606246305
2024-12-23,431.078857421875,433.4558513948008,428.6820357713906,432.5545685943141,19152500,73.6186523523593,,,,,,419.9966555631825,435.9279296875,451.8592038118175,7.309132101601297,0.3478127917520612
2024-12-24,435.1197204589844,435.3871522905164,430.02899474815183,430.484577930417,7164500,75.42960487587158,,,,,,430.0042050962633,432.93092041015626,435.8576357240492,1.3520472555391463,0.8739345672669309
2024-12-26,433.9114074707031,436.7143034093448,432.44561022869516,434.8721127935591,8194200,73.79825844320835,,,,,,430.0151348086247,433.07353515625005,436.1319355038754,1.4124161830955175,0.6369788482896996
2024-12-27,426.4040832519531,431.04913980352325,422.2641488688207,430.4350863105853,18117700,64.46902653312843,,,,,,425.0411536992326,431.7859985351563,438.53084337108,3.1241609773386463,0.10103490783519757
2024-12-30,420.7586669921875,423.45260132830686,417.8567536350218,421.97689027997586,13158700,58.481921332927435,,,,,,417.64269552378397,429.45454711914067,441.26639871449737,5.500862279648802,0.13190021239466104
2024-12-31,417.4606018066406,422.64049156656444,416.6286554798762,422.016524265212,13246500,55.25361721458976,,,,,,411.1217704244921,426.7308959960938,442.3400215676955,7.315676328130018,0.20304889447750338
2025-01-02,414.568603515625,421.9868450538027,410.8743686174563,421.45201157982797,16896500,52.51602873015351,,,,,,407.2348316457658,422.62067260742197,438.00651356907815,7.281158712247047,0.2383285999165101
2025-01-03,419.2928771972656,419.96635323692743,415.51939233739597,417.0446121521978,16662900,56.323018966593175,,,,,,410.88916630719996,419.69696655273447,428.504766798269,4.19721892101301,0.47706071072208345
2025-01-06,423.7497863769531,430.15778356293015,421.4025036603563,423.8983428352595,20573600,59.612764285007465,,,,,,412.2662360995365,419.16610717773443,426.06597825593235,3.292189401788748,0.8321568727350657
2025-01-07,418.3222961425781,426.52294519780327,416.7673346717813,424.88876369017254,18139100,54.25369988759567,,,,,,412.00074865578256,418.6788330078125,425.35691735984244,3.1900749813666023,0.4733054535971833
2025-01-08,420.4913024902344,422.87821031177674,417.5002550030301,419.4018380991605,15054600,55.957686939056764,,,,,,412.6095900355763,419.2849731445313,425.96035625348634,3.1841747434406464,0.5903565627630253
2025-01-10,414.93505859375,420.63983782074297,411.042698272716,420.56061778951556,20201100,50.7433987601003,,,,,,412.9386461100621,419.3582641601563,425.7778822102505,3.0616389844853433,0.15549308916116905
2025-01-13,413.1919250488281,414.48936844362913,408.3388895039501,411.2606004893305,17604800,49.19462849019564,,,,,,409.66537433378477,418.13807373046876,426.61077312715275,4.0525845068801285,0.20811258312926587
2025-01-14,411.6865234375,415.71749643981025,406.78394867710017,413.805999460752,16935900,47.836705587512874,,,,426.9889190673827,,408.4581413988718,415.72542114257817,422.9927008862845,3.496192137460822,0.22211763909487886
2025-01-15,422.2244873046875,424.04685017409594,414.2615295855494,415.1133035563719,19637800,56.82160012670567,,,,425.9509613037109,,407.272114906259,416.50585937500006,425.7396038437411,4.433908556579265,0.8096592042939177
2025-01-16,420.5110778808594,425.3740271428382,420.3229265289763,424.5916197701724,15300000,55.158012392303924,,,,424.61340332031244,,407.2675216014729,416.50981445312505,425.7521073047772,4.437971222256668,0.716464869267752
2025-01-17,424.91845703125,430.31623990051855,424.06671321451194,429.9299628963343,26197500,58.52199724260415,,,,423.3540878295898,,406.9431147784599,418.506494140625,430.06987350279013,5.526021471140958,0.7772529850401972
2025-01-21,424.3935241699219,426.7705180269004,421.52132200002626,426.0772445238866,26085700,57.964250003332296,,,,422.9138473510742,,410.0216540297301,420.7468139648438,431.4719738999575,5.0981538441357594,0.6700072645601726
2025-01-22,441.9239196777344,442.98364251820686,431.82165779523024,433.366705345479,27803800,68.69453185173333,,,,423.36795501708986,,409.51569456337484,426.79429321289064,444.07289186240644,8.096921127713864,0.9378140488050435
2025-01-23,442.42901611328125,442.46864124256984,437.26895379651836,437.7641621247137,18389300,68.94054225396289,0.1555323544341718,,,423.8686096191406,,409.84789784871566,430.8351989746094,451.82250010050313,9.74261210590205,0.7762102918599576
2025-01-24,439.8044128417969,442.3695883246394,437.169900939795,440.89387719602587,15549500,66.03657410687676,1.1095359643937854,,,424.30488739013674,,416.2580428280572,434.6938659667969,453.1296891055366,8.48220993306948,0.6386037074813606
2025-01-27,430.39544677734375,431.0293279263355,419.4414413066827,419.9465634582157,35647800,56.79968005156511,1.0937576141847671,,,424.06867370605477,,419.7643495905593,435.7892639160156,451.81417824147195,7.354432819870764,0.3317052737653789
2025-01-28,442.9143371582031,444.08302154903276,427.24593852989443,430.43508134605355,23491700,64.01245340953776,2.067589106776893,,,424.5188201904298,,429.0484487379812,439.4934265136719,449.93840428936267,4.753189533935302,0.663758636829889
2025-01-29,438.0909729003906,442.5973866839753,436.17947606614763,442.409205107017,23581400,59.86521701252458,2.4222304310417258,,,425.1031646728516,,428.61650364976066,438.7268371582031,448.8371706666456,4.608942354167735,0.46855374467709043
2025-01-30,411.01300048828125,418.8075747745586,409.20055129765046,414.75677425796516,54586300,43.01612873394315,0.5124133795021066,,,424.6158813476563,,406.7692060930607,432.4436340332032,458.1180619733457,11.874115338773239,0.08264632818917265
2025-01-31,411.0823059082031,416.65835612531487,410.93374946527524,414.96475222570615,34161900,43.06030131235912,-0.9841928624738898,,,424.2969665527344,,396.7607818374476,426.6992126464844,456.6376434555212,14.03256904241839,0.23918294452547967
2025-02-03,406.9820251464844,411.42898625512174,404.7436738342851,407.6555012178145,25679100,41.03368114891006,-2.4726196613958678,,,423.9176376342773,,387.9316737221977,422.01652832031255,456.1013829184274,16.153326853702897,0.27945478496100606
2025-02-04,408.4180908203125,409.9532546940812,405.81329031153365,408.7350313881363,20532100,42.062177727455165,-3.4960300664978377,-3.541387428716266,0.04535736221842828,423.37389831542964,,389.19473676016344,415.11727905273443,441.0398213453054,12.48926199927126,0.3707845056859678
2025-02-05,409.32928466796875,409.8640878693508,406.46696618877354,408.39829064688985,16316700,42.74457399982743,-4.185318708670707,-3.384540856711308,-0.8007778519593987,422.65287322998046,,405.8661520575518,409.36494140625007,412.86373075494834,1.7093742012587738,0.4949044176817069
2025-02-06,411.8350524902344,414.19224891795665,410.0324869601977,410.0324869601977,16309800,44.67438793620394,-4.477773417330013,-2.9415964522964915,-1.5361769650335217,422.3285110473633,,405.59339918533817,409.52935180664065,413.4653044279431,1.9221834058726208,0.7929024946990761
2025-02-07,405.8232116699219,414.63791357819275,404.1890302854019,412.48872643025265,22886800,41.095528158226934,-5.135452887930342,-2.8794207383174557,-2.256032149612886,421.59510650634763,,403.8640833963305,408.4775329589844,413.0909825216383,2.2588510703315174,0.21232791721086702
2025-02-10,408.26953125,411.4784713555885,406.982001762604,409.7452423090315,20817900,43.09327328114431,-5.397057146110399,-2.51281999719801,-2.884237148912389,421.26183013916017,,404.4038560988964,408.73503417968755,413.06621226047866,2.1193084607898096,0.44626139574449014
2025-02-11,407.4969787597656,408.5369040242769,405.3774728814714,405.7142410991423,18140600,42.60189023233407,-5.602140941385699,-2.1743230339786477,-3.427817907407051,420.97708282470705,,404.07624561970925,408.5508117675781,413.025377915447,2.1904575974331544,0.3822418785434186
2025-02-12,405.1199951171875,406.8135989590122,400.49473651773883,403.3075158999609,19121700,41.05087526719666,-5.8885939953098045,-1.9686208703222023,-3.919973124987602,420.64875640869144,,402.4513306929924,407.70895385742193,412.96657702185144,2.579106058224134,0.25379000555326453
2025-02-13,406.6056213378906,407.0612044905901,402.465657162982,403.0995382668374,23891700,42.46087306133057,-5.92740504849553,-1.605945538806342,-4.321459509689188,419.8678131103516,,404.14000123371585,406.66306762695314,409.1861340201904,1.2408633063043666,0.4886157793515684
2025-02-14,404.5158386230469,404.99124946496545,401.99028842093395,403.88198772560423,22758500,40.97614000703789,-6.05697010675118,-1.3884084776495937,-4.668561629101586,419.068051147461,,403.2505212103037,406.40159301757814,409.55266482485257,1.5507182360567864,0.2007757185701248
2025-02-18,405.7142639160156,406.6650553734785,402.6043413346739,404.08996621044764,21423100,42.22381884027832,-5.993855013845689,-1.0602347077952823,-4.933620306050407,418.10784149169933,,403.5227128344261,405.8905395507813,408.25836626713647,1.1667316606963891,0.46277691404778937
2025-02-19,410.7950744628906,411.50817561028913,403.74331324145845,403.9711199361536,24114200,47.3091273917978,-5.470793002686435,-0.42973815730882237,-5.041054845377612,417.42791900634774,,401.55967453881857,406.55015869140624,411.5406428439939,2.455039825172332,0.9253009970268425
2025-02-20,412.968505859375,416.1243389128722,409.40578409861945,412.134891295379,23508700,49.3623663548585,-4.825262221543653,0.1726340990671673,-4.9978963206108205,415.98014831542974,,400.9271617343109,408.11986083984374,415.31255994537656,3.5247973919874567,0.8370532360933567
2025-02-21,405.108642578125,414.8738801834256,404.79109677447474,414.16928284227896,27524800,42.858198291105076,-4.891513384434177,0.08510634894131552,-4.976619733375492,414.1141296386719,,400.2006720794338,407.8204650878906,415.44025809634746,3.73683699606133,0.3220540566682123
2025-02-24,400.93060302734375,406.2597995139474,396.286166676689,405.40634791593595,26443700,39.852189740831776,-5.2209667282490955,-0.19547759589888258,-5.025489132350213,412.1704391479492,,397.5096644917419,407.10341796875,416.69717144575816,4.713177563026292,0.1782898916362765
2025-02-25,394.876953125,398.8664306026397,393.6860882830661,398.05265327493277,29387400,35.92091716999855,-5.902499491501885,-0.7016082873213376,-5.2008912041805475,410.39451446533207,,390.2353660831033,404.9359558105469,419.63654553799046,7.260698644563626,0.15787077688562415
2025-02-26,396.69305419921875,400.53364695077397,391.25467770642615,394.9861207223364,19619000,37.9000706336329,-6.224324795918903,-0.8187468733906842,-5.405577922528219,408.0834503173828,,387.62589686809855,402.1155517578125,416.6052066475265,7.206712014182848,0.3128838264311205
2025-02-27,389.54779052734375,402.6574203650982,389.19054012926085,398.22137954122604,21127400,33.51420758269136,-6.975527195757934,-1.255959418583771,-5.719567777174163,405.65629119873046,419.61019714355473,385.58209955096885,397.43140869140626,409.2807178318437,5.962945495149857,0.16733848907871895
2025-02-28,393.973876953125,394.6090291195634,383.6330593862238,389.67678725566606,32845700,38.278901510458866,-7.131504777669079,-1.1295496003959329,-6.001955177273146,404.8043350219727,418.63000183105476,386.92048721960794,395.2044555664063,403.48842391320466,4.19224440925181,0.42572529482461763
2025-03-03,385.5384521484375,395.7899873220531,383.2261675615013,395.7899873220531,23007700,33.370494648144174,-7.845350106575495,-1.474715943441879,-6.370634163133616,403.5271423339844,417.3955261230469,383.0770847251805,392.12602539062505,401.1749660560696,4.615322666446454,0.136003070097271
2025-03-04,385.6575622558594,389.5974018138781,378.10539295987144,380.487153157592,29342900,33.500161217900384,-8.305723274709806,-1.5480712892609514,-6.757651985448854,402.46091918945314,416.10658203125007,380.3243710848884,390.2821472167969,400.23992334870536,5.102860175859929,0.2677902726634617
2025-03-05,397.9732666015625,398.61835249883035,385.85603973587394,386.3820118850688,23433100,45.34404733931054,-7.589313036699593,-0.6653288410005906,-6.923984195699003,401.9386779785156,415.4020806884766,379.72694065806417,390.53818969726564,401.3494387364671,5.536589928673583,0.8438583681375462
2025-03-06,393.8746643066406,399.09468114787944,389.6966277473878,391.28447789138556,23304600,42.623337123281665,-7.268489095554912,-0.2756039198847269,-6.992885175670185,401.1659469604492,414.62273864746095,380.29996545323024,391.403564453125,402.50716345301976,5.67373422641609,0.6112747251381758
2025-03-07,390.3218688964844,391.80053909690844,382.61091150423107,389.3394000020522,22034100,40.362549832023454,-7.217713401216827,-0.1798625804373124,-7.037850820779514,400.0902877807617,413.7808575439453,379.9406870271999,390.6731628417969,401.40563865639393,5.494350180866219,0.48363406769411277
2025-03-10,377.2717590332031,383.4643412864511,374.3540930979484,382.90859827837613,32840100,33.36252183194685,-8.136713135188472,-0.8790898515271666,-7.257623283661306,398.6627151489258,412.70471557617185,373.05891057838755,389.01982421875005,404.98073785911254,8.20570708570754,0.13197391295201233
2025-03-11,377.5595397949219,383.0673615053873,374.04642649696916,376.1205440687611,30380200,33.6358516308916,-8.741044226280565,-1.1867367540954064,-7.554307472185158,397.127215576172,411.5535119628906,368.3826361721916,387.40021972656245,406.4178032809333,9.81805512025469,0.24127417651390104
2025-03-12,380.3581237792969,382.2933209136247,376.0709676751301,380.0405779726452,24253600,36.369212645242676,-8.891661096886594,-1.069882899761148,-7.821778197125446,395.7702728271485,410.48244628906247,368.4690235868505,383.8771911621094,399.2853587373683,8.027654640596827,0.38580513011608425
2025-03-13,375.892333984375,382.39258939479765,374.58238552740926,380.2489960755926,20473000,33.96517149194906,-9.26458163616553,-1.1542427512320668,-8.110338884933464,394.30888977050785,409.47221130371094,368.5953811944312,380.2807250976563,391.96606900088136,6.145640907897337,0.3122267025418866
2025-03-14,385.60791015625,387.2652356448431,376.62667971124,376.8946174814204,19952800,42.82047603448428,-8.676144852531763,-0.4526447740786388,-8.223500078453124,393.25900421142586,408.7691961669921,371.6141187094544,379.3379333496094,387.0617479897644,4.0722606209996455,0.9058860225648022
2025-03-17,385.74688720703125,389.7264008785539,382.6406623483486,383.7620820869245,22474300,42.938354358734465,-8.105158948454005,0.09467290399929595,-8.1998318524533,392.320556640625,408.134921875,371.97219928533787,381.032958984375,390.09371868341213,4.755892888210067,0.7601287518505312
2025-03-18,380.6062316894531,384.4269877309022,378.2046343736099,384.1292790671939,19486900,39.67981375375982,-7.975519618189082,0.17944978741137518,-8.154969405600458,391.0651550292969,407.45567443847654,373.3743861795405,381.6422973632813,389.910208547022,4.332806526353452,0.4373441700809739
2025-03-19,384.8735656738281,386.719419886704,381.0825806498319,382.60095534567967,19185500,43.51208385385759,-7.442647122866731,0.5698578261869827,-8.012504949053714,389.7690795898438,406.76728820800787,373.9971399956856,382.54538574218753,391.0936314886895,4.46914069028293,0.6361788137989196
2025-03-20,383.9009704589844,388.81337483302246,380.36802006472885,382.80932167745146,18470500,42.84398084004815,-7.0179238787372356,0.7956648562531825,-7.813588734990418,388.3157028198242,405.9703118896485,379.92581395526486,384.1471130371094,388.368412118954,2.1977512981787144,0.4708451624307215
2025-03-21,388.2874450683594,388.76377892625936,379.8916973941909,380.3085198055768,39675900,46.8106536226335,-6.25526895932677,1.2466558205309193,-7.501924779857689,387.4746429443359,405.3696148681641,379.08018095571333,384.6830200195313,390.28585908334924,2.912964062481096,0.8216605909765254
2025-03-24,390.0935974121094,392.3959786933822,386.84845184017416,392.3959786933822,21004500,48.39864787927741,-5.442381653628274,1.647634500983532,-7.090016154611806,386.93279266357416,404.7616607666015,378.0853973504323,385.5523620605469,393.0193267706615,3.873385534565602,0.8040884434213948
2025-03-25,392.1578063964844,393.34867131877104,389.65696280253144,390.9272368910712,15775000,50.22757761206742,-4.57881644780457,2.0089597654457894,-6.5877762132503594,386.79683532714836,404.30611572265616,380.91750057748527,387.86267700195316,394.80785342642105,3.5812553443665913,0.8092167233793699
2025-03-26,387.0072326660156,392.30665877239477,385.61787512073846,391.99901639757354,16108400,45.859853213370826,-4.260925755668893,1.861480366065174,-6.122406121734067,386.31254425048826,403.78242187499995,382.03465484319764,388.28941040039064,394.54416595758363,3.2216977283739494,0.3975037695197775
2025-03-27,387.6125793457031,389.259971232933,384.4567464670721,387.1660163642304,13766800,46.44925540552363,-3.915018774497298,1.765909877789415,-5.680928652286713,386.2157836914062,403.30094299316397,384.8404967832591,389.0317321777344,393.2229675722097,2.1547010425157254,0.3306999370756016
2025-03-28,375.92205810546875,386.1735929782764,374.06627026028934,385.1315521729189,21632000,37.87398675334289,-4.531970625797555,0.919166421191326,-5.451137046988881,385.3131927490234,402.3748944091796,373.9771013769579,386.5586547851563,399.14020819335474,6.509518414581133,0.07729398212638415
2025-03-31,372.5379943847656,374.20522334023684,364.449889664545,369.7096411618319,35184700,35.81289310537241,-5.233644873045648,0.1739937391545876,-5.407638612200236,384.6631698608398,401.41543273925777,366.29227395133404,383.04753417968755,399.80279440804105,8.748397383231094,0.186380884221138
2025-04-01,379.2863464355469,379.9413357760227,370.3944277527412,371.80362246362756,19689500,42.52943947166081,-5.185416898912251,0.17777737063038757,-5.363194269542639,384.3446090698242,400.5027905273437,367.103375980347,380.47324218750003,393.8431083946531,7.028019174375623,0.4556130280750994
2025-04-02,379.23675537109375,382.1543912389325,373.75867347343586,375.0984230803946,16092600,42.494249512537486,-5.092494361369006,0.2165599265389062,-5.309054287907912,383.4077835083007,399.5996551513672,367.71588260626953,378.91914672851567,390.1224108507618,5.913274226954251,0.5141748261538979
2025-04-03,370.2752990722656,374.61212363444304,366.54388609690864,371.9425583652147,30198000,36.60068360324613,-5.676531686432668,-0.29398191881980384,-5.382549767612864,382.227815246582,398.16668273925774,367.4181857617899,375.4516906738281,383.48519558586634,4.27938140196965,0.17782483123862447
2025-04-04,357.1061706542969,371.74410993496775,356.7489202327306,361.36358655898334,49209900,30.01315197655937,-7.119949730164535,-1.389919970041337,-5.730029760123198,380.56703033447263,396.4602258300781,353.5207797992945,371.6885131835937,389.856246567893,9.77578415253602,0.09867468822778229
2025-04-07,355.14117431640625,368.1813588125757,342.17049555544185,348.2142236601539,50425000,29.16952158142707,-8.326445629214504,-2.0771326952730442,-6.24931293394146,379.46050109863285,394.76696105957024,344.91474057259535,368.20914916992183,391.5035577672483,12.652813570678841,0.21950404323603642
2025-04-08,351.8662414550781,370.8112022714622,347.5889889390993,365.46216834014683,35868900,27.76858123973316,-9.438065885166338,-2.5510023609799024,-6.887063524186436,378.1758361816407,393.1963769531249,339.55956377782127,362.7251281738281,385.890692569835,12.773068418301179,0.2656243868458955
2025-04-09,387.52325439453125,390.24245792204835,350.41733953240174,350.85399906862426,50199700,53.790865262997976,-7.357003049101877,-0.37595161993235227,-6.981051429169525,378.5340927124024,392.0885552978515,334.9677481072524,364.38242797851564,393.79710784977885,16.144949708166244,0.8933550614403105
2025-04-10,378.45269775390625,380.983312003396,365.00562576710445,379.1572950457799,38024400,48.95889210258175,-6.36627739047907,0.49181923095236435,-6.858096621431434,378.662110900879,390.8957897949218,334.15733672319465,366.0179077148438,397.8784787064929,17.40929627764059,0.695143866729848
2025-04-11,385.4988098144531,387.08662977771354,376.01144319106686,377.74814777589194,23839200,52.52642670848119,-4.9554346458109535,1.5221295804963848,-6.477564226307338,378.65665588378914,390.38550598144525,337.7265359091607,371.696435546875,405.66633518458934,18.278302608812798,0.7031559470999191
2025-04-14,384.8636169433594,391.6516465120973,381.2909618319917,390.23251818413166,19251200,52.172405147331794,-3.8442719877586455,2.1066337908389547,-5.9509057785976,378.61249237060554,389.8611322021484,348.03404389598325,377.64092407226565,407.24780424854805,15.679910883078342,0.6219765951037237
2025-04-15,382.7994384765625,388.9126416904877,381.24135923720473,385.5583162962043,17199900,50.970156941512634,-3.094557395607353,2.2850787063921985,-5.379636101999552,378.722152709961,389.3774804687499,376.93765600103427,383.8275634765625,390.7174709520907,3.5901056261421593,0.42538905611927924
2025-04-16,368.7867126464844,378.71073856569086,365.2041538267982,377.7779079921512,21967800,43.62141360079779,-3.589732839533667,1.431922609972708,-5.021655449506375,377.9178100585938,388.58485290527335,366.30243643103523,380.0802551269531,393.85807382287095,7.249952350887493,0.09015491749013915
2025-04-17,364.9858093261719,371.4761304955969,364.10258680355696,370.9104537724408,21120200,41.858505361949106,-4.2399881349478505,0.6253338516468201,-4.865321986594671,376.97205200195316,387.69798339843743,357.92537127505983,377.3868774414062,396.8483836077526,10.313822408606683,0.18139495450052143
2025-04-21,356.3916015625,361.71089501866106,352.9678309109542,360.0635031391147,20807300,38.10831410361139,-5.3867062861783666,-0.41710743966695674,-4.96959884651141,375.3772598266602,386.58911437988274,347.393086500458,371.5654357910156,395.7377850815732,13.011086049539413,0.186132405954374
2025-04-22,364.03314208984375,364.9759064223077,357.1259979397675,360.61927460023594,19485000,42.998400148353845,-5.614163641386483,-0.5156518359000586,-5.0985118054864245,374.0742370605469,385.7533129882812,347.9721804477749,367.3993408203125,386.82650119285006,10.575500940835383,0.41336359339403944
2025-04-23,371.54559326171875,377.50000836988784,370.1859763720142,373.20288850682186,20545500,47.39854870887618,-5.12910804396256,-0.024476990780908814,-5.1046310531816514,373.0436264038087,385.0188342285156,353.65452309108036,365.1485717773437,376.64262046360705,6.295546292467525,0.7782753779362442
2025-04-24,384.3575134277344,385.49880064204365,372.33953252384407,372.84566753938213,22232300,53.93007981268723,-3.6685938385042505,1.1488297717419211,-4.817423610246172,372.9111404418946,384.55604492187496,347.3015640712652,368.2627319335938,389.22389979592236,11.383811634845722,0.8839190067998582
2025-04-25,388.8729553222656,389.1805976978566,381.67803664886475,384.05979677325973,18973200,56.00358570247272,-2.1223027988975787,2.156096649078875,-4.2783994479764536,372.97415924072266,384.2311041259765,345.85019063373136,373.0401611328125,400.23013163189364,14.57750308519772,0.7911513675601115
2025-04-28,388.1882019042969,389.7561846754867,383.7025530868883,388.9821118643913,16579400,55.594944878357744,-0.9412596325605591,2.6697118523327155,-3.6109714848932746,373.5874664306641,383.8627557373046,357.2775838926222,379.39948120117197,401.5213785097217,11.661532714020709,0.6986430137646513
2025-04-29,391.0462951660156,392.0982394081848,387.41409832984397,388.3270916828822,14974000,57.00510893510594,0.22278173667319834,3.0670025772531786,-2.8442208405799803,374.5128814697266,383.5933648681639,369.21493277226784,384.8021118164063,400.38929086054475,8.1013999484365,0.7002986984343857
2025-04-30,392.25701904296875,393.6463764759126,381.51921680100196,387.33468087236696,36461100,57.619098252522974,1.2288230989161661,3.258435151596917,-2.029612052680751,375.16141510009766,383.32421997070304,382.86098702909146,388.9443969726563,395.02780691622115,3.1281643293565806,0.7722668783661869
2025-05-01,422.16802978515625,433.669971462135,421.67182852064957,427.8346397458207,58938100,69.28785870161987,4.3890919963589,5.134963239231721,-0.7458712428728209,377.30797882080077,383.5516790771483,367.6300197850604,396.5065002441406,425.3829807032208,14.565451230332974,0.9443327083676218
2025-05-02,431.97296142578125,436.10135948336034,426.72314369115975,428.4598480759583,30757400,72.00854328779461,7.597227793364084,6.674479228989524,0.9227485643745601,380.3928619384766,383.93176818847644,364.3597517887467,405.1265014648438,445.8932511409409,20.125442067450024,0.8292690755853714
2025-05-05,432.856201171875,436.1608880903925,428.8270192574835,429.581254830481,20136100,72.24704747566926,10.094604277391397,7.337484570413469,2.7571197069779276,384.1803634643555,384.48671936035146,372.2879562779237,414.0601013183594,455.8322463587951,20.1768510935654,0.7249836563973536
2025-05-06,430.0179443359375,434.4043769104007,427.8942186382879,428.91639204817295,15104200,70.1777278185668,11.709786398735218,7.1621333534058325,4.547653045329386,387.92420196533203,385.0684661865233,387.7051750311555,421.85443115234375,456.003687273532,16.190066335397102,0.6195269547691349
2025-05-07,430.0576477050781,434.79139692835327,427.83464541633373,430.54391525930873,23295300,70.19059019482866,12.844964837796681,6.637849433973836,6.207115403822845,391.833772277832,385.77208007812493,420.9481440422889,429.41455688476566,437.8809697272424,3.9432351357146644,0.5379789429288175
2025-05-08,434.84100341796875,440.2992170006134,432.35006352791333,434.602806230982,23491300,71.7702980341878,13.969546522559199,6.209944894989082,7.759601627570117,394.1996597290039,386.53503906249995,427.88793735300555,431.94915161132815,436.01036586965074,1.8804131195409368,0.8560329033015641
2025-05-09,435.3967590332031,437.3914674607305,432.5684058555715,436.6570993033328,15324200,71.95624769176723,14.735765709015027,5.580931265155927,9.1548344438591,397.04686279296874,387.45201843261714,427.53151823645607,432.6339111328125,437.73630402916893,2.3587577233584316,0.7707404110690442
2025-05-12,445.84674072265625,445.95589045656413,436.4387544599253,442.5519572732001,22821900,75.25663028341852,16.00176770543669,5.477546609262074,10.524221096174617,400.0642593383789,388.4894757080077,422.31640668375445,435.2320190429688,448.1476314021831,5.935046960751853,0.9109259934591746
2025-05-13,445.72772216796875,447.24609694771215,441.9764112331301,444.37803887168343,23618800,75.14815511971611,16.801798926698723,5.022062264419285,11.779736662279438,403.10746459960944,389.6932611083983,424.21675638880754,438.37397460937495,452.53119282994237,6.458968387976311,0.7597172496751646
2025-05-14,449.4988098144531,450.45150777480933,444.73528972695,444.73528972695,19902800,76.31316400213059,17.537958027102718,4.6065770918586235,12.931380935244094,406.4424331665039,390.9700860595701,428.86684454742084,442.26220703125006,455.6575695150793,6.057656417783266,0.7701159745374208
2025-05-15,450.5129089355469,453.5552331837817,447.8284909088357,448.1665235651595,21992300,76.63042730227278,17.995754881499636,4.051499157004432,13.944255724495203,410.5287429809571,392.02087890624983,433.42521267466964,445.3965881347657,457.36796359486175,5.375602678156943,0.7136897642979836
2025-05-16,451.6463317871094,451.73580834700897,446.1383501578063,449.43915228561843,23849800,77.00120542389449,18.239763301091955,3.436406061277399,14.803357239814556,414.86176910400394,393.1763122558592,443.20896453586505,448.6465026855469,454.0840408352288,2.423974383900637,0.7758444188329937
2025-05-19,456.2197570800781,456.9355998797858,448.1963586877965,448.27591363294266,21336500,78.48456924344639,18.587909085669367,3.027641476683847,15.56026760898552,419.8531768798828,394.49427001953114,443.13411429139626,450.7211059570313,458.3080976226663,3.3666014594658535,0.8623736103436597
2025-05-20,455.5238342285156,455.69283539558984,451.69606398891386,452.9587181303489,15441800,77.66371703372945,18.593329640006516,2.4264496248167973,16.16688001518972,424.4277114868164,396.0593115234374,446.63864007705706,452.6803283691407,458.7220166612243,2.669295709778178,0.7353237805317404
2025-05-21,449.9561767578125,455.1360777634671,449.20055644956204,451.94462570262056,19216900,71.2438752887488,17.941543100698823,1.4197304684072805,16.521812632291542,428.3482406616211,397.50724426269517,446.961543398479,452.77180175781257,458.5820601171461,2.566528364521009,0.25770225471324576
2025-05-22,452.2329406738281,457.5918252828005,451.27849365115543,452.32244757902833,18025600,72.25391407434596,17.408044294248782,0.7089853295657917,16.69905896468299,431.74201202392567,398.9447406005859,447.79085037310927,453.11580810546883,458.4407658378284,2.3503738501747917,0.41710099159327096
2025-05-23,447.5799560546875,451.06969358680703,446.3173019248347,447.3811293692874,16883500,67.06915225670657,16.42050036750601,-0.2228468777415884,16.643347245247597,434.6773620605468,400.3784930419921,444.9858130784717,452.30253295898444,459.61925283949716,3.2353212053208704,0.17727499607611005
2025-05-27,458.0292663574219,458.2877744248074,453.48565331857327,453.8435898996704,20974300,71.93896068258901,16.29321862150107,-0.28010289899722096,16.57332152049829,438.169415283203,401.82692016601555,444.2781152613457,452.66443481445316,461.0507543675606,3.70531409499622,0.8198561364729322
2025-05-28,454.7184753417969,459.84867709346275,454.2909661144885,458.55619745791415,17086300,68.48336530314924,15.74371006573233,-0.6636891638127693,16.4073992295451,441.3530242919921,403.20635192871083,444.36434881311527,452.5033630371094,460.64237726110355,3.5973276173537143,0.6360798890212789
2025-05-29,456.0308837890625,459.05333474747385,452.68035209769624,458.884303233251,13974800,69.1166586700279,15.238461471498965,-0.9351502064369086,16.173611677935874,444.5417175292968,404.71484497070304,445.6673179106855,453.7183044433594,461.7692909760333,3.548892100595849,0.6436208678475491
2025-05-30,457.7011413574219,459.0135248792732,452.90900269221845,457.0648535034259,34770500,69.94439068435392,14.802193672678186,-1.0971344042061517,15.899328076884338,446.3183731079101,406.17139648437484,446.2975553029621,454.81194458007815,463.3263338571942,3.7441361769762933,0.6696655322718781
2025-06-02,459.3018493652344,459.44102500437896,454.25120274050374,454.4997588416313,16626500,70.75340124518904,14.419394256303008,-1.1839470564650654,15.603341312768073,447.68481750488274,407.67941406249986,453.5685864689715,457.1563232421875,460.74406001540353,1.5695886027656882,0.7990082966877792
2025-06-03,460.29608154296875,461.4593374660713,458.19825223653834,458.8047449110186,15743800,71.27066799522191,14.034468570970205,-1.255098193438295,15.2895667644085,449.0568115234375,409.1195867919921,453.03363804510053,457.60968627929685,462.1857345134932,1.999978746692605,0.7935278570270252
2025-06-04,461.1908874511719,463.00038321907994,460.3457906064832,461.3201414833542,14162700,71.75485016298188,13.644332182591995,-1.316187665453203,14.960519848045198,450.6154586791992,410.5415325927734,454.77770594388284,458.9041687011719,463.03063145846096,1.798398462567082,0.7770797756456997
2025-06-05,464.9788818359375,466.93750520910584,461.3499686746429,462.2745901279283,20131700,73.77016967848867,13.485354995238936,-1.1801318822450106,14.665486877483946,452.36152038574227,411.99795410156247,455.2476013500639,460.6937683105469,466.13993527102986,2.3643328106890253,0.8934063678623072
2025-06-06,467.6632995605469,470.6061954238558,466.0725343793748,467.37496597576217,15285600,75.12471501963024,13.421262544486865,-0.9953794663976652,14.41664201088453,454.0026351928712,413.6110754394532,455.65552678903475,462.68619995117183,469.7168731133089,3.0390675852787647,0.8539561215971945
2025-06-09,470.0196228027344,470.69568816704816,465.9134708467471,466.98725027602023,16469900,76.28252164730725,13.406067606157706,-0.80845952378146,14.214527129939166,455.7337783813478,415.2592163085938,456.53629375357923,464.8297546386719,473.12321552376454,3.5683864048416813,0.8128891687058645
2025-06-10,468.2001953125,470.06931180763127,464.26304461137784,468.4686249933991,15375900,73.44011705945188,13.096247525839487,-0.8946236832797432,13.99087120911923,456.85145111083995,417.10477905273444,459.5482039581667,466.41057739257815,473.2729508269896,2.9426319929427214,0.6303935101336657
2025-06-11,469.890380859375,472.72392676786,466.94748481913814,467.3053910772251,16399200,74.39461814387384,12.839095625901109,-0.9214204665744976,13.760516092475607,458.05958404541025,419.0518267822266,464.04928098930077,468.1504760742188,472.2516711591368,1.7520841244505394,0.7121216802822504
2025-06-12,476.104248046875,477.6453141185156,470.7851412769109,472.2764779222473,18950600,77.58409087322009,12.987001968531672,-0.6188112991551478,13.60581326768682,459.3898559570313,420.9881848144532,463.6473604784073,470.3755493164063,477.10373815440533,2.860773204634918,0.925723687934747
2025-06-13,472.2168273925781,476.4124557062983,470.0295518485209,473.6584649544854,16814500,71.57724014403657,12.644775353229647,-0.7688303315657397,13.413605684795387,460.4750518798829,422.84778625488286,465.1907148647345,471.2862548828125,477.3817949008905,2.58676757699784,0.5763322451337992
2025-06-16,476.3727111816406,477.91374692205306,472.25660744971805,472.4653860858625,15626100,73.90342496873538,12.564072576798822,-0.6796264863972539,13.243699063196075,461.71137084960947,424.96973449707036,465.252699602293,472.5568725585938,479.8610455148946,3.091341330728462,0.7612094925651481
2025-06-17,475.279052734375,475.97499162724574,471.3419021646973,472.65428568792316,15414100,72.22814485580548,12.270420182641828,-0.7786231044433993,13.049043287085228,462.6643356323243,427.33319213867196,468.33717366521904,473.9726440429688,479.60811442071855,2.3779728423477797,0.615909463082641
2025-06-18,477.4663391113281,478.2219594008936,471.71972301658775,475.2392860574369,17526500,73.52095231361777,12.075001178171476,-0.7792336871310024,12.854234865302478,463.7614608764649,429.7796954345704,471.5103326799122,475.4878356933594,479.46533870680656,1.6730198818428892,0.7487117434329776
2025-06-20,474.6427307128906,480.6677282539423,474.11579298541653,479.4448516392065,37576200,69.05216430548657,11.559043155099516,-1.0361533681623705,12.595196523261887,464.99578857421875,432.2352252197266,471.22973320531594,475.19553222656253,479.16133124780913,1.669123025069096,0.4303038920139045
2025-06-23,483.1930847167969,484.932977511559,469.7810065395394,475.44806772339973,24864000,74.17178057682963,11.705155072889227,-0.7120331602981285,12.417188233187355,466.5437957763673,434.1486218261719,470.55557482455515,477.3907836914062,484.2259925582573,2.8635696793298275,0.9244421156996567
2025-06-24,487.279296875,489.0092679302753,483.9884166007436,486.1260232932434,22305600,76.1982390844582,12.012203783801795,-0.32398755950844915,12.336191343310244,468.52876281738287,436.32515380859377,468.6324674128594,479.5721008300781,490.51173424729683,4.562247636292272,0.8522602518285004
2025-06-25,489.4268493652344,491.70363180611855,486.5635084927723,489.1981971647186,17495100,77.21026153988663,12.28719253050349,-0.039199050245404266,12.326391580748894,470.0986419677735,438.4037145996094,469.81876080273685,482.40166015625,494.98455950976313,5.216772823475582,0.7791562187542633
2025-06-26,494.57696533203125,495.1635541172166,489.9637493151316,490.13278082199906,21578900,79.46517542898756,12.773450029908872,0.3576467593279826,12.41580327058089,472.09156646728525,440.5979815673828,470.8686754872313,485.82378540039065,500.77889531355,6.156598488002851,0.7926484653896955
2025-06-27,493.0756530761719,496.41623250794254,490.18245642116284,494.6763398018984,34539200,77.07119060181675,12.88909182208198,0.37863084120087187,12.510460980881108,473.9438049316407,442.80350585937504,480.38488972092887,489.5103698730469,498.6358500251649,3.7284113733830386,0.6953477046518737
2025-06-30,494.5372009277344,497.86785899517616,492.4691970236715,494.1693427257206,28369000,77.77320823394685,12.949400840324245,0.3511518875545079,12.598248952769737,475.7856079101563,445.31851562500003,485.22957234817903,491.77919311523436,498.3288138822897,2.6636428945136825,0.7105471378108503
2025-07-01,489.2081298828125,495.17347659984546,488.14433277768,493.602615314542,19945400,69.42650498039443,12.423968895587848,-0.13942404574551226,12.56339294133336,477.28092193603516,447.80296203613284,486.82503904228554,492.1649597167969,497.50488039130823,2.1699719043729004,0.2231391612146969
2025-07-02,488.2536926269531,490.6497772469701,485.87751191483574,487.1600396387865,16319600,68.01853692404906,11.794584554992582,-0.6150467090726224,12.409631264065204,478.67880249023443,450.4402038574218,485.9269746885451,491.9303283691406,497.93368204973615,2.440733304855583,0.19378484612097824
2025-07-03,495.95892333984375,497.2414813819725,490.59011735274714,490.95797554637323,13984800,72.81217190754873,11.781728224728397,-0.5023224314694481,12.284050656197845,480.417204284668,453.07871948242183,485.50722864285717,492.20671997070315,498.9062112985491,2.722226680791656,0.7800364375086827
2025-07-07,494.84539794921875,495.8694479262707,492.36978876052433,494.50736527479916,13981600,71.15237408936889,11.548562655899104,-0.5883904002389944,12.136953056138099,481.91053009033203,455.5447155761718,485.4568417091481,492.56066894531256,499.66449618147703,2.884447615915185,0.6608097246703153
2025-07-08,493.7517395019531,495.3226311177228,491.25622643335066,494.36815380384166,11846600,69.47720062113567,11.147032118648212,-0.7919367499919101,11.938968868640123,483.21495208740225,457.7326000976562,485.4859945779289,492.4035766601563,499.3211587423837,2.8097204854390108,0.5974446581024674
2025-07-09,500.6019592285156,503.8530622357068,496.85371365827956,497.41047691930333,18659500,73.66022108790341,11.251867235813904,-0.5496813062609753,11.80154854207488,484.7440689086914,459.9671801757812,485.8002442939195,494.68234252929693,503.5644407646744,3.5910310402281684,0.8332330121975475
2025-07-10,498.58367919921875,501.52657502305914,494.87521114411277,500.14458849842043,16492100,70.59067223793024,11.044774208625881,-0.6054194667591997,11.650193675385081,486.2632431030273,462.1750897216797,491.14094893607916,496.74833984375005,502.35573075142094,2.2576385094451124,0.6636535944870516
2025-07-11,500.4130554199219,502.1131707269345,494.9249170598048,495.59106078877636,16459500,71.74019349116647,10.902588609960503,-0.5980840523396616,11.500672662300165,487.78937683105465,464.3624249267578,491.2923610704069,497.63916625976566,503.9859714491244,2.5507659443532384,0.7185264142664254
2025-07-14,500.1147766113281,501.05930198422453,498.1362796464767,498.6234399223271,12058800,71.25117196864592,10.643149291688587,-0.6860186964892616,11.329167988177849,488.98990325927736,466.519580078125,492.9439402315227,498.69304199218755,504.4421437528524,2.3056675255376575,0.6236484131197705
2025-07-15,502.89862060546875,505.36427783294863,499.88612172349406,500.11477392946824,14927200,73.09454388243262,10.540668443097161,-0.63079963606455,11.171468079161711,490.52399291992185,468.1341918945312,497.4257255509362,500.5224182128906,503.61911087484503,1.2373842006961948,0.8836677791393156
2025-07-16,502.69976806640625,503.793421043838,498.99133023831314,502.2623068754336,15154400,72.7357774216245,10.324392721647655,-0.6776602860112444,11.0020530076589,491.84034576416013,469.54872802734377,497.2753915566102,500.9419799804688,504.60856840432734,1.46387748297778,0.7397034903753462
2025-07-17,508.7446594238281,510.40499725185873,502.6997578215743,502.75940886082554,17503100,76.51018289870032,10.51950258980321,-0.3860403342845533,10.905542924087763,493.5136260986328,471.0664971923828,496.0376790156622,502.97417602539065,509.9106730351191,2.7581921062198944,0.9159508315468435
2025-07-18,507.10418701171875,511.6677041033988,504.499323712682,511.50859420333654,21209700,73.53499356296435,10.42162217910385,-0.38713659598713157,10.80875877509098,494.99551849365236,472.6082220458985,497.26553109746936,504.31240234375,511.3592735900307,2.7946452292392214,0.6980868225343433
2025-07-21,507.1141357421875,509.1324405638626,502.6301736290422,503.7834776665751,14066800,73.54171311786935,10.226963953446727,-0.46543585731540205,10.69239981076213,496.61908874511727,474.14935180664065,500.22685377039573,505.7122741699219,511.19769456944806,2.169383928254442,0.627780686817249
2025-07-22,502.3517761230469,508.2475501614973,502.3517761230469,508.01886761548803,13868600,65.02992227687365,9.578004018388583,-0.8915166338988385,10.469520652287422,497.57702331542976,475.4995672607422,499.82308434850927,505.60290527343744,511.3827261983656,2.286308430843514,0.21875174052810556
2025-07-23,502.94830322265625,503.8630030405687,497.80817995491657,503.8232255681408,16396600,65.5675087361078,9.007994789256145,-1.169220690425023,10.177215479681168,498.3604736328126,476.85059814453126,499.99463719121957,505.65261230468747,511.31058741815536,2.2378901940918334,0.26101794124243816
2025-07-24,507.9294128417969,510.703277326071,504.37007217269974,505.83158338819493,16107000,69.74934573192166,8.856104624491195,-1.0568886841519785,9.912993308643173,499.2856018066407,478.09225158691413,500.2452496599688,505.48956298828125,510.7338763165937,2.074944256933757,0.7326186195191295
2025-07-25,510.7430419921875,515.2965460849812,507.4123538189797,509.5101527540243,19125700,71.83049534900248,8.86062713845871,-0.8418929361475715,9.702520074606282,500.09390563964854,479.39255798339855,499.1571215173765,506.217333984375,513.2775464513735,2.7893997273575897,0.8205079187748946
2025-07-28,509.5400390625,512.0256002286585,507.17377997770546,511.110930710653,14308000,69.62494040456697,8.667228565113987,-0.8282332075938363,9.495461772707824,500.91712493896495,480.5933825683595,499.0275088283327,506.7025146484375,514.3775204685423,3.0293932231340595,0.6848548705089921
2025-07-29,509.609619140625,514.6304403339567,508.6054427654301,512.5525452747698,16469200,69.68292321396677,8.422484178382433,-0.8583820754603124,9.280866253842746,501.6707458496095,481.77531677246105,501.99837142493755,508.1540832519531,514.3097950789687,2.4227737333612853,0.6182264480188923
2025-07-30,510.2757568359375,512.9701269930791,506.49771598970693,512.1946027794743,26380400,70.26807551604887,8.187889341926734,-0.8743815295328083,9.062270871459543,502.7241271972657,482.94790527343764,507.4851359010516,509.61957397460935,511.7540120481671,0.8376593767428971,0.6537132581772208
2025-07-31,530.4187622070312,552.2420017670738,528.8280273057109,552.0232408256204,51617300,81.74309921986453,9.517630119697628,0.3642873985904682,9.15334272110716,504.8323806762697,484.43188537597666,495.8650126290928,514.1174438476562,532.3698750662196,7.100490923615492,0.9465519733830307
2025-08-01,521.0829467773438,532.7054326872741,517.8517174087783,531.9100652869249,28977600,68.53970799243676,9.70624938287989,0.4423253294181819,9.263924053461707,506.08858184814466,485.7430676269533,497.5065553962768,516.1854248046875,534.8642942130982,7.237271147467353,0.6310979231551079
2025-08-04,532.5464477539062,535.1413592423181,525.0798117410876,525.2190177406763,25349000,74.07670504453532,10.657882793670069,1.1151669921666887,9.54271580150338,507.973634338379,487.39487304687515,499.1866344485602,520.7867065429689,542.3867786373776,8.295170296412516,0.7722153231604594
2025-08-05,524.701904296875,534.196734767709,524.194840165689,534.077432699505,19171600,65.5718994380527,10.656231625566761,0.8908126592507042,9.765418966316057,509.5211425781251,488.84425231933614,506.1583737559912,523.8051635742188,541.4519533924464,6.737921290356734,0.525408041119466
2025-08-06,521.908203125,528.6291703469228,521.0034855448089,527.8338028961505,21355700,62.80633887754794,10.310640085557736,0.43617689539334314,9.874463190164393,510.5864547729493,490.3308172607424,515.8895806876278,526.1316528320312,536.3737249764347,3.893349540660783,0.2938185922006484
2025-08-07,517.8319091796875,525.0400367197672,514.5608717763297,523.757448292983,16079100,58.902689849308054,9.597202865291422,-0.2218082598983777,9.8190111251898,511.5488662719727,491.5268701171877,512.4913012463494,523.6142822265625,534.7372632067757,4.248539949259952,0.24007089209442187
2025-08-08,519.0248413085938,521.6297041680745,516.4100264967077,519.5816044995674,15531000,59.69225988880553,9.024034923909653,-0.6359809610241172,9.66001588493377,512.4794555664063,492.8129974365236,511.47539141453893,523.2026611328125,534.9299308510862,4.482878467354243,0.32187585326408685
2025-08-11,518.7564697265625,524.542862850504,516.7182612189127,519.2833770884752,20194400,59.415703319464846,8.450725157891156,-0.9674325816340907,9.418157739525247,513.4115402221681,494.06750915527357,514.7914871428688,520.4446655273437,526.0978439118185,2.1724416672603213,0.35068613742868876
2025-08-12,526.183349609375,527.9132904806338,519.6811434112465,520.7250669698358,18667000,64.33957802307448,8.497703934050946,-0.7363630443794413,9.234066978430388,514.5757766723633,495.4371533203126,513.934494213373,520.7409545898438,527.5474149663146,2.614144448013248,0.8997962757812402
2025-08-13,517.5734252929688,529.6234217995657,516.3703917601634,529.0368026236954,19619200,55.87603566508425,7.750839167237189,-1.1865822489545597,8.937421416191748,515.3194595336915,496.60258483886724,512.7157439434903,519.8739990234375,527.0322541033846,2.7538423130964946,0.33930624818655414
2025-08-14,519.46240234375,522.9123929469488,517.13595097363,519.5419572956574,20269100,57.206085785345884,7.2280476854113545,-1.3674989846243157,8.59554667003567,515.8553466796876,497.7859112548829,513.3657582518334,520.20009765625,527.0344370606666,2.627580977092684,0.4460302401704474
2025-08-15,517.1657104492188,523.0614541020369,516.0820397908819,519.7507304052322,25213300,55.033959932787894,6.552870416777182,-1.6341410026067908,8.187011419383973,516.3584228515625,498.9054077148438,512.4904789127773,519.828271484375,527.1660640559727,2.823160252767527,0.3185720699258914
2025-08-18,514.1134643554688,519.8004600468895,511.05129658888984,518.5775833311014,23760600,52.19739287166921,5.705724772428084,-1.9850293175647113,7.6907540899927955,516.7083892822267,499.8880993652344,509.89733951415275,518.8996704101563,527.90200130616,3.4697770722759733,0.2341685109124163
2025-08-19,506.8257751464844,512.1846290296555,505.61282013208876,512.0255798217245,21481000,46.08915404584891,4.395630045541225,-2.6360992355612574,7.031729281102482,516.9320892333985,500.6713488769532,505.0870394884366,515.0281555175782,524.9692715467197,3.860416531655918,0.08745173343469888
2025-08-20,502.7992248535156,508.0487290990465,501.526618683124,506.92525053820776,27723000,43.08888357777066,2.9979036116973816,-3.227060535524081,6.2249641472214625,516.9246353149415,501.3269409179688,497.99358762206424,512.0733154296875,526.1530432373107,5.4991062347424835,0.17065803036509875
2025-08-21,502.15185546875,505.5278315490841,500.6381609615915,501.6041452591809,18443300,42.608638371340994,1.8170126529302024,-3.526361195433009,5.343373848363211,516.6357574462892,502.0059741210938,495.11511436681883,508.61120605468756,522.1072977425563,5.307036701986304,0.26069551336318747
2025-08-22,505.1295166015625,508.6150227226763,500.32946944945456,502.1618461633245,24324200,45.61135162946795,1.108640708332075,-3.3877865120249098,4.496427220356985,516.3550811767578,502.7107568359375,496.60640955458575,506.2039672851563,515.8015250157268,3.791972544997467,0.4440247866302794
2025-08-25,502.17181396484375,506.0855321115255,502.0323791323648,504.5319946732823,21638600,43.19392172833804,0.30507227122114955,-3.3530839593086683,3.658156230529818,515.986669921875,503.2321081542969,499.6574371066905,503.8156372070313,507.97383730737204,1.6506832234871855,0.30233956970314974
2025-08-26,499.96099853515625,502.88882606141556,496.4456179190968,502.2713680297872,30835700,41.426493512832096,-0.5043420915185379,-3.329998657638685,2.825656566120147,515.5042388916016,503.78699157714846,498.7463451352305,502.4426818847657,506.1390186343009,1.4713466362648464,0.16430502443784076
2025-08-27,504.64154052734375,505.18928116929357,497.82986914621193,499.92117896114246,17277900,46.4246779677121,-0.7593745861227603,-2.868024921794326,2.1086503356715656,515.2225280761718,504.35236816406257,498.60496665918646,502.81114501953135,507.01732337987625,1.6730648880829826,0.7175841525253712
2025-08-28,507.529541015625,508.9735181763212,503.406670609209,504.99008260275673,18015600,49.29948830581031,-0.7201507228743367,-2.263040846836722,1.5428901239623853,514.0780670166015,504.9973779296876,498.07835757745386,503.8866821289063,509.6950066803587,2.305409036377948,0.8135894744214838
2025-08-29,504.59173583984375,507.4896888132377,502.40083415821226,506.5535790393771,20961600,46.56239185300573,-0.9155677588773301,-1.9667663062717724,1.0511985473944423,513.2535064697265,505.5398858642579,498.0667485665559,503.7791259765625,509.49150338656915,2.2678102825055904,0.5711271161686334
2025-09-02,503.0282287597656,503.90458943006223,494.75264396148896,498.3974910813857,18128000,45.126438624102676,-1.1829626651664853,-1.7873289700487422,0.6043663048822568,511.7775955200194,506.10759582519546,498.43090160777393,503.95040893554693,509.46991626331993,2.1904962194321467,0.41646173100078243
2025-09-03,503.2572937011719,505.68719181229375,500.2398424947412,501.70375627159575,16345100,45.39214598103695,-1.360706056076765,-1.5720578887672174,0.2113518326904525,510.70536499023433,506.5088800048829,501.0240212819697,504.60966796875005,508.1953146555304,1.4211565550117127,0.31141835968332693
2025-09-04,505.866455078125,506.04570238922344,501.0664078062513,502.2116394820944,15509500,48.453853062426916,-1.2763188473056175,-1.190136543996856,-0.0861823033087615,509.90327758789056,506.8806231689454,501.0949597999244,504.8546508789063,508.61434195788814,1.489415249492731,0.6345594861337274
2025-09-05,492.9501647949219,509.8498918622262,490.3310509759443,506.9619070760115,31994800,37.30367729794657,-2.2260179075004203,-1.711868483353327,-0.5141494241470933,508.6591903686523,506.9510894775392,491.6341462628438,501.93877563476565,512.2434050066876,4.105930791615122,0.06385569459023845
2025-09-08,496.13690185546875,499.1244784694731,492.9800158612091,496.04724781279185,16771000,40.91623407857456,-2.6905037543045864,-1.7410834641259945,-0.949420290178592,507.51479339599604,506.9822882080079,489.3614832661852,500.2478088378907,511.13413440959624,4.3523731156345065,0.3111894157792526
2025-09-09,496.34600830078125,500.17010260105087,495.6389570336189,499.3534910580183,14410500,41.15583137636992,-3.0070752995615067,-1.6461240075063317,-1.360951292055175,506.394270324707,507.0476953125001,488.0912453895385,498.9113647460938,509.73148410264906,4.3374916352373925,0.3814543370190113
2025-09-10,498.29791259765625,501.1460848531792,494.6630336933239,500.8971201283455,21611800,43.46066829503879,-3.065125309347536,-1.363339213833889,-1.7017860955136472,504.99999847412107,507.1229095458985,488.2424478744501,497.91948852539065,507.5965291763312,3.886990115450001,0.5195526755500826
2025-09-11,498.9352722167969,501.08633106619584,495.8182290284252,500.17012751524385,18881600,44.22883799316287,-3.0248323809083786,-1.058437028315785,-1.9663953525925937,504.0680908203125,507.31745239257816,491.8519705360374,496.53325195312493,501.21453337021245,1.8855862718855547,0.7565558497406434
2025-09-12,507.7884521484375,510.42747218178897,501.7635178992086,504.55191069082485,23624900,53.64912018455418,-2.2525562472036427,-0.2289287156888391,-2.0236275315148036,503.4843933105469,507.7081475830079,489.9238295326424,499.5009094238281,509.0779893150138,3.834659641454029,0.9326758687810931
2025-09-15,513.225830078125,513.3353599697668,504.9004642300766,506.68306017742736,17143800,58.307038581178844,-1.1880754956683859,0.6684416286771342,-1.85651712434552,503.28739929199224,508.05348571777347,488.4145209888366,502.91869506835945,517.4228691478824,5.767999568022176,0.8553161646176471
2025-09-16,506.9320068359375,515.0880630075219,506.4938265025834,514.7395367165727,19711900,51.816089092927655,-0.8426126527236306,0.8111235772975118,-1.6537362300211425,502.92832641601575,508.2952178955079,492.3526439014655,505.03589477539066,517.7191456493158,5.02271264483721,0.5747486618137059
2025-09-17,507.9079284667969,509.1726886784055,503.8348693472275,508.5054498653079,15816600,52.69546608525469,-0.48449715960464346,0.9353912563331992,-1.4198884159378427,502.9824340820313,508.5783416748048,496.69911900496794,506.95789794921876,517.2166768934696,4.047191684260319,0.5463032941220795
2025-09-18,506.3444519042969,510.9453149965379,505.55771489166153,509.37184097126715,18913700,51.0868827338999,-0.3231227849717584,0.8774125047728676,-1.200535289744626,503.1596954345704,508.6931915283204,502.93726633968265,508.4397338867188,513.9422014337549,2.164452217364307,0.30960523942112855
2025-09-19,515.7852172851562,517.1495391803752,508.19677696926453,508.44574170609144,52474100,59.18821465358493,0.5601019296378809,1.4085097755060054,-0.8484078458681246,503.8413635253907,509.0372222900392,501.61178265766347,510.0390869140625,518.4663911704616,3.3045719328640457,0.8409233959204988
2025-09-22,512.3196411132812,515.5959951267806,510.41751650985566,513.4549348866175,20009300,55.55094528318983,0.9692479580896816,1.454124643166245,-0.48487668507656334,504.2008697509766,509.27535400390633,501.73991731528287,509.85784912109375,517.9757809269047,3.1843902451653197,0.6516267967676996
2025-09-23,507.1212463378906,512.4590659268906,505.2091838485409,511.67229848312854,19799600,50.53438850425623,0.8640716398018071,1.0791586599026963,-0.21508702010088926,504.44834136962885,509.4154833984376,501.8444799581205,509.8956970214844,517.9469140848483,3.157985882365545,0.3276999202879166
2025-09-24,508.0373840332031,510.35772177145367,504.82077941210207,508.26644250853604,13533700,51.36790356019869,0.844903780486618,0.8479926404700058,-0.003088859983387815,504.8521606445312,509.51825866699227,501.90156021785174,509.92158813476567,517.9416160516796,3.1455926179749594,0.38253132525955236
2025-09-25,504.9303283691406,507.89799878212006,502.94857891661616,506.1950582100621,15786500,48.389818976098624,0.5724014014912768,0.4603922091797317,0.11200919231154512,504.86660003662104,509.56286987304696,500.91880533436284,509.63876342773443,518.358721521106,3.4220152465337454,0.2300196280660525
2025-09-26,509.3419494628906,511.8116903059077,504.52199636524745,507.9477531769938,16213100,52.59249702835324,0.7043034835292588,0.4738354329741709,0.23046805055508784,504.9572204589843,509.57481567382825,502.8688935190219,508.3501098632813,513.8313262075408,2.156472965348064,0.5904762316714656
2025-09-29,512.4689331054688,514.7096154882738,506.77264973451184,509.3817950243417,17617800,55.366841893547566,1.049065308653212,0.6548778064784994,0.39418750217471266,505.35108032226555,509.68211059570325,502.7900844034935,508.3799682617188,513.969852119944,2.1990968201750722,0.8657468515855913
2025-09-30,515.8051147460938,516.0142062084105,507.54943619028296,511.11459757878936,19728200,58.17885927475351,1.5733568374622564,0.943335468230035,0.6300213692322214,505.98992462158196,509.8559301757814,501.7672924480243,510.11674194335944,518.4661914386946,3.2735445864908477,0.8406435841017046
2025-10-01,517.5578002929688,518.3544751787417,509.5709932440202,512.6680995330014,22632300,59.61826862539423,2.106011932576621,1.1807924506755196,0.9252194819011013,506.7049499511718,510.1600506591798,501.8901163471088,512.0208251953126,522.1515340435163,3.9571471899953927,0.7732767854955144
2025-10-02,513.6041870117188,519.4399047558908,508.56514411884206,515.4963429681408,21222900,55.018147440375806,2.183946210500153,1.0069813828792413,1.1769648276209117,507.09183654785147,510.37316833496106,507.44560592411284,513.7555969238282,520.0655879235435,2.4564174239646768,0.48800236703061495
2025-10-03,515.20751953125,518.3345307125708,512.8672756929882,514.9585548343116,15112300,56.484531315693985,2.348018723701955,0.9368431168648346,1.4111756068371204,508.20470428466786,510.5187304687501,510.98373954094654,514.9287109375,518.8736823340535,1.532239827672876,0.5353372135972371
2025-10-06,526.3811645507812,528.8309994124726,516.0541122577388,516.4623876768178,21388600,65.03832106217381,3.341152418239119,1.5439814491215988,1.7971709691175202,509.7169174194335,510.83149291992197,507.61358576885834,517.7111572265626,527.8087286842668,3.9008513982190705,0.929311511215086
2025-10-07,521.8101196289062,527.6060256392368,519.2806599401652,526.1022689962125,14615200,59.8548623379285,3.71653104647919,1.5354880618893358,2.1810429845898542,510.9901229858398,511.0768945312501,508.5238268908594,518.912158203125,529.3004895153907,4.00388819111045,0.6394815653578314
2025-10-08,522.676513671875,524.7678538085896,520.923853084141,521.1130687043808,13363400,60.49749036454954,4.037391535890038,1.4850788410401465,2.552312694849891,512.2090530395507,511.33823242187515,509.2114769377976,519.9359008789063,530.6603248200149,4.125286952864747,0.6277743591645734
2025-10-09,520.2366943359375,522.158694647609,515.2574000210162,520.1769452354545,18343600,57.696552532813364,4.048138336568627,1.1966605133749884,2.8514778231936386,513.2741241455077,511.53745117187515,513.1251353335482,521.2624023437501,529.3996693539519,3.1221384752149035,0.4369746619763972
2025-10-10,508.84405517578125,521.4118200258811,507.5195762105422,517.4881335274953,24133800,46.80052499710476,3.101611044135552,0.2001065767535306,2.9015044673820216,513.326904296875,511.1059570312501,506.73564899347696,519.9897094726564,533.2437699518358,5.0978164520297655,0.07953812288756155
2025-10-13,511.9212646484375,514.2714771071726,509.56108387533754,514.2714771071726,14284200,49.57076931509161,2.570159236838549,-0.2650761844347782,2.8352354212733273,513.2616760253906,510.922723388672,504.5238883124065,517.0977294921876,529.6715706719687,4.863235888554042,0.29415737920748125
2025-10-14,511.4432067871094,513.146147202046,503.9045484424133,508.1170420708167,14684300,49.142637722197584,2.0863543819347115,-0.5991048314708927,2.685459213405604,513.4872360229491,510.50065856933605,502.9258382611014,515.0243469238281,527.1228555865549,4.698227854659514,0.3520007615586708
2025-10-15,511.3038330078125,515.0482722356254,507.88804423946306,512.8275263160849,14694700,49.009739458428385,1.672410739636689,-0.8104387790151324,2.4828495186518214,513.65703125,510.23269714355484,504.04389862605103,512.7498107910156,521.4557229559803,3.3957739161459912,0.41695426304539196
2025-10-16,509.4913330078125,514.7096236704256,506.02576365101777,510.4573477017149,15559600,47.2212755522041,1.1844502137379322,-1.0387194439311114,2.2231696576690436,513.8143753051759,509.98435974121105,507.9054461742546,510.6007385253907,513.2960308765267,1.0557338240128815,0.29419569882455066
2025-10-17,511.4532165527344,513.3453119402852,505.20916197429216,506.9320087638593,19867800,49.37477443181509,0.9451504809193239,-1.022415341399776,1.9675658223191,513.5977752685548,509.85678588867205,509.2400621988873,511.1225708007813,513.0050794026753,0.7366172849477736,0.5878205155664158
2025-10-20,514.6498413085938,516.5519656323323,511.30377036778043,512.4788764440519,14665600,52.75717280662096,1.0018953946380407,-0.7725363421448475,1.7744317367828881,513.7142852783203,509.76928588867196,507.9455804110109,511.66828613281257,515.3909918546142,1.455124666778879,0.9004553943547078
2025-10-21,515.5162963867188,516.5420602391357,510.91543308707116,515.3569857054445,15586200,53.66091450436104,1.104054972648214,-0.5363014113077393,1.6403563839559534,514.1340377807617,509.7044824218751,507.45328693846517,512.4829040527345,517.5125211670039,1.962842886853382,0.8015530074225995
2025-10-22,518.3843383789062,523.0549187669818,515.566101626736,518.9918584655633,18962700,56.61913655945935,1.4003023796095704,-0.19204320347710646,1.5923455830866768,514.6513854980469,509.5485021972657,506.9199610927548,513.8990051269532,520.8780491611516,2.71611502048901,0.8213429539901335
2025-10-23,518.404296875,521.7802730707533,516.4623598997719,520.2964530626382,14023500,56.63988095424239,1.618039317748071,0.020554987729115126,1.5974843300189558,515.3250839233399,509.56511962890636,509.87737953123093,515.6815979003907,521.4858162695504,2.251086093741456,0.7345448432019906
2025-10-24,521.441650390625,523.1744351060786,518.5536961256696,520.6250388201142,15532400,59.791089157971726,2.012487748387912,0.3320027346951646,1.6804850136927472,515.9300689697266,509.60470458984383,512.2909468315711,517.6792846679688,523.0676225043665,2.0817282035357763,0.8491211795631878
2025-10-27,529.3189697265625,532.3662956890146,526.819354031342,529.577902779321,18734700,66.57559356548407,2.926984354765864,0.997199472858493,1.9297848819073709,516.7725708007813,509.8477697753907,510.01583428050674,520.6131103515626,531.2103864226184,4.071075376453598,0.9107592987398954
2025-10-28,539.8251953125,551.4269140414981,538.5305910090683,547.722348424072,29986700,73.09589075329707,4.448217818415742,2.0147463492066966,2.4334714692090453,517.9735748291015,510.3620043945313,507.11067377218376,525.4748901367188,543.8391065012539,6.989569514827646,0.8907137906383641
2025-10-29,539.3073120117188,544.0077970763692,534.5072653816836,542.6832878753321,36023000,72.34670021522686,5.548062829265177,2.491673088044905,3.056389741220272,519.0610504150391,511.01163513183593,509.892081183148,529.6594848632812,549.4268885434145,7.464193220380353,0.7440337462762954
2025-10-30,523.582763671875,532.7545848667123,519.9578228356851,528.2831883129468,41023100,54.18647667550615,5.092159049068528,1.6286154462786042,3.4635436027899233,519.5599792480468,511.4273059082031,513.5011609966962,530.6951782226563,547.8891954486164,6.479809100035302,0.2931718208342049
2025-10-31,515.6656494140625,527.1279940743384,512.9668501497666,526.6898137654194,34006400,47.69493117993549,4.0453745049968575,0.4654647217655472,3.5799097832313103,519.5828857421875,511.6975817871093,508.82233458556846,529.5399780273438,550.257621469119,7.8247702917363124,0.16515668994223315
2025-11-03,514.888916015625,522.7860691817526,512.4590180581705,517.657371934483,22374700,47.098779739392164,3.1171813916181463,-0.3701827132905313,3.4873641049086777,519.0082733154297,511.89276977539055,502.11460638959426,526.6539672851563,551.1933281807185,9.31896934985977,0.26028203587691945
2025-11-04,512.2001342773438,513.4150529816625,505.73698923396887,509.6407695643784,20958700,45.00185408966446,2.139951418918713,-1.077930148791972,3.217881567710685,518.5277740478515,512.0933361816406,499.1066147258177,521.128955078125,543.1512954304324,8.451781516920647,0.2972781126360675
2025-11-05,505.0597839355469,512.6980347767452,504.4821687767013,511.17434154282535,23024300,39.91906185707921,0.7803278925987343,-1.9500429400895607,2.730370832688295,517.6469375610351,512.1953118896483,500.9313994505645,514.2794494628906,527.6274994752167,5.190971572465785,0.15464373002685938
2025-11-06,495.04144287109375,503.6058351018555,493.75677643867937,503.5659922381216,27406500,34.09960705014538,-1.0929807430510436,-3.058681260591471,1.9657005175404274,516.3871749877928,512.0033099365234,491.2854026222809,508.5711853027344,525.8569679831879,6.797782957429605,0.10864536244170503
2025-11-07,494.7626037597656,497.31199999791255,491.2073803526309,494.89207027354036,24019800,33.95125268241342,-2.5704606488877175,-3.628928933142516,1.0584682842547983,515.6831024169921,511.7479711914061,485.6354082826602,504.39057617187507,523.14574406109,7.436763799815298,0.24332481401976663
2025-11-10,503.90460205078125,504.7510881917551,496.73440583349895,497.96929153220975,26101500,42.746097588152814,-2.9694611598880556,-3.222343555314283,0.2528823954262276,515.2822692871093,511.73422851562486,487.4408721858178,502.1937133789063,516.9465545719949,5.875358770951988,0.5579850568945476
2025-11-11,506.573486328125,507.48968986721945,500.26971300797675,502.70954902224156,17980000,45.04664456693895,-3.0353259351584256,-2.6305666644677226,-0.40475927069070317,515.0387832641602,511.80513366699205,489.65048373127513,501.0683837890625,512.4862838468499,4.5574218718194155,0.741073337093532
2025-11-12,509.0233154296875,509.5511194130969,497.05307240824305,507.2506574723947,26574900,47.14604012053304,-2.8569108201014046,-1.961721239528561,-0.8951895805728436,514.9247573852539,511.92045410156237,488.6483618447807,501.8610900878906,515.0738183310004,5.26549218661121,0.7710350659611827
2025-11-13,501.205810546875,511.3735209246628,499.2140928412288,508.1967287528611,25273100,41.67474585961257,-3.308188132915234,-1.9303988418739122,-1.3777892910413216,514.5104812622071,511.8272412109374,492.0985961906626,503.09396362304693,514.0893310554313,4.371098930784574,0.41413870033070327
2025-11-14,508.0672912597656,509.48142428367663,495.3800584752997,496.16679552350377,28505700,47.440192852673796,-3.076698242690725,-1.3591271613195224,-1.7175710813712024,514.3411849975586,512.1295837402344,499.3660363029663,505.7549011230469,512.1437659431276,2.5264667948423103,0.6809703446417167
2025-11-17,505.388427734375,509.9992593431845,502.8191251226507,506.34447416817187,19092800,45.547172885626885,-3.073967946190521,-1.085117491855455,-1.9888504543350662,513.8781143188477,512.3146142578124,499.9616792281552,506.0516662597657,512.1416532913761,2.406863740464133,0.4455468031419382
2025-11-18,491.74517822265625,500.89712400975867,484.76419755903834,493.31862192366924,33815100,37.368755057133036,-4.125148239654379,-1.7090382282554506,-2.4161100113989287,512.6895584106445,512.22259765625,489.0319838060684,503.08600463867185,517.1400254712753,5.587124548494394,0.09652733722628305
2025-11-19,485.102783203125,493.13937183157236,480.8305400064438,488.070453670226,23245300,34.153369973369024,-5.4315899726766474,-2.4123839690221747,-3.019206003654473,511.02548065185556,511.95869506835925,479.0347831282114,498.30189819335936,517.5690132585073,7.733109239600609,0.1574703855350383
2025-11-20,477.3404846191406,492.4460215630244,474.41716428973194,491.5879641710541,26802500,30.816370220213628,-7.012471673650964,-3.1946125359971926,-3.8178591376537714,508.9722900390626,511.52679931640614,467.29413997208604,493.5288330078125,519.763526043539,10.63147329238661,0.1914705964612098
2025-11-21,471.04486083984375,477.8293938228302,467.20362215472323,477.4103368698009,31769200,28.393271268669526,-8.6733549981343,-3.884396688384423,-4.788958309749877,506.45245056152356,510.7919274902343,459.51064210947703,486.1243469238281,512.7380517381791,10.949340424013453,0.21669697644175903
2025-11-24,472.92059326171875,475.8139832068258,466.9542001322548,473.9183160323131,34421000,30.15540661048595,-9.726144133256469,-3.949748658805273,-5.776395474451196,503.63253173828133,509.9858227539062,462.2903206878885,479.6307800292969,496.9712393707053,7.23075334754338,0.30651646431434354
2025-11-25,475.90374755859375,478.0588322743821,463.8313270788984,472.9904142849383,28019800,32.98014621251323,-10.202167253806522,-3.5406174234842602,-6.661549830322262,500.43645935058595,509.3652575683593,465.6165973210701,476.46249389648443,487.30839047189875,4.552675903917289,0.47424157910756504
2025-11-26,484.3943786621094,487.1979770584782,480.10418316215106,485.2025316262965,25709100,40.371870361232354,-9.781540525138723,-2.495992555853169,-7.285547969285554,497.6908126831055,508.8949865722655,466.0352258996148,476.3208129882813,486.60640007694786,4.3187644999756065,0.8924698514644893
2025-11-28,490.88958740234375,491.5081706450152,485.54177754838196,486.48962635446395,14386700,45.33849861962446,-8.822382812287572,-1.229467874401613,-7.592914937885959,496.05615386962893,508.58588928222656,462.28885579566105,479.0306335449219,495.77241129418275,6.989856838744681,0.8541724790231858
2025-12-01,485.6315612792969,488.7444513856018,483.5463243869077,487.32770213243884,23964000,42.26913633465008,-8.389809675997185,-0.6375157904889805,-7.752293885508204,494.55444946289066,507.9828161621094,467.1989927351082,481.94797363281253,496.69695453051685,6.120569731429682,0.6248760057400878
2025-12-02,488.8841552734375,492.3761849539621,485.2125428025972,485.6116258193264,19562700,44.76042002769548,-7.6958225448867665,0.045177072497150306,-7.740999617383917,493.2542114257813,507.51410644531245,473.6002183458559,485.14068603515625,496.6811537244566,4.757575697728241,0.6621888011415683
2025-12-03,476.64208984375,483.13724409881166,474.1178525596479,475.23529714339696,34615100,38.09676176566646,-8.040973772226721,-0.23997932387424292,-7.800994448352478,491.4763092041016,506.90452331542957,474.33488611789807,485.28835449218747,496.24182286647687,4.514210272262257,0.10531840906518401
2025-12-04,479.7449951171875,480.2239129901724,475.40489514051177,478.6674679630734,22318200,40.514066214444625,-7.972231164743334,-0.13698937311268455,-7.83524179163065,490.2105697631836,506.3386755371093,472.2926269498538,484.3584777832031,496.42432861655243,4.982198675894733,0.3088206654575816
2025-12-05,482.0597229003906,482.299166614698,477.78947078944657,481.4211657314621,22608700,42.323460720781725,-7.642870709909744,0.15389686537672542,-7.796767575286469,489.5614837646485,505.8812634277344,472.9685589113261,482.59250488281253,492.21645085429896,3.9884357399306873,0.4723199826765226
2025-12-08,489.9018249511719,491.17890888246444,483.2769615726175,483.7858099301447,21965900,48.08488732218099,-6.672145737428991,0.8996974702859823,-7.5718432077149735,489.31844482421883,505.4924609375,471.9069041658342,483.4465576171875,494.98621106854085,4.773910691692584,0.7796993584424886
2025-12-09,490.8995361328125,490.99931449735556,487.3875630167038,487.9862027558801,14696100,48.78582284842803,-5.7559808842441385,1.4526898587766688,-7.208670743020807,488.6681915283204,505.0610729980469,471.2666822172422,483.8496337890625,496.43258536088285,5.201182637375294,0.7801370689345383
2025-12-10,477.4701843261719,483.14722906115725,473.99809828560024,482.92772884397027,35756200,40.80062036955711,-6.043880007956773,0.9318325880512282,-6.975712596008001,487.21302642822275,504.29437438964834,471.89328057328817,484.01525268554684,496.1372247978055,5.0089215350137035,0.23003285691624026
2025-12-11,482.3690185546875,484.92318635563356,474.7763326037194,475.5445986070271,24669200,44.377197079881725,-5.809775679155393,0.9327495334820863,-6.74252521263748,485.88031158447274,503.5905987548827,473.1365449666107,484.54005737304686,495.943569779483,4.7069431032227795,0.4048083283035661
2025-12-12,477.4402770996094,481.3513637649093,475.2552617920193,478.72734800157895,21248100,41.650725729480655,-5.953328293415154,0.6313575353778607,-6.584685828793015,484.69203491210953,502.86732055664055,470.57672573488117,483.6161682128906,496.65561069090006,5.392475824865065,0.26318423415354386
2025-12-15,473.73870849609375,479.6252664455081,471.44392797474177,479.0066832317436,23727700,39.67904440078842,-6.29323591918785,0.23315992768413185,-6.526395846871982,482.97560577392585,502.0379443359375,467.1233592800871,480.383544921875,493.6437305636629,5.520666051933331,0.24944406491411314
2025-12-16,475.3051452636719,476.80172935648005,469.8076832860371,470.8353364785088,20705600,40.952912266338146,-6.36286960556555,0.1308209930451465,-6.493690598610696,481.47144165039066,501.01642395019525,470.75317000162266,477.2646667480469,483.7761634944712,2.7286732918201735,0.349533712394842
2025-12-17,475.0357360839844,478.9069051052783,473.9182915104317,475.8239455574328,24527200,40.79335016496781,-6.366405908593492,0.10182775201376337,-6.468233660607256,480.6359695434571,500.0809362792968,469.98512101673606,476.77777709960935,483.57043318248265,2.8494012972648086,0.37177026229715326
2025-12-18,482.87786865234375,488.4850656489584,476.8017407441929,477.10104539067044,28573500,47.237647638498174,-5.671041657266642,0.6377536026724915,-6.308795259939133,480.52472381591804,499.2849633789062,469.6658430138578,476.8795471191407,484.09325122442357,3.0253778543707006,0.9157587728619375
2025-12-19,484.8134460449219,486.73904362092316,481.39123391446003,486.2501387748106,70836100,48.7212036884779,-4.9072083161379965,1.12126955504091,-6.028477871178906,480.8983718872071,498.5764984130859,468.16609291717816,478.35418090820315,488.54226889922813,4.2596420801348005,0.8170008515046642
2025-12-22,483.81573486328125,487.6170561484318,481.5908021440126,485.01298390813173,16963000,47.9724301125694,-4.332430284830366,1.356838069078833,-5.689268353909199,481.536915588379,498.0759320068359,470.7772021792586,480.36958618164067,489.96197018402273,3.9937515939049995,0.6796294164612677
2025-12-23,485.7413330078125,486.71908182827985,483.63612214595605,483.8755963136496,14683600,49.58291169950741,-3.679124222734117,1.6081153049400658,-5.287239527674183,482.1779525756836,497.55233337402336,473.8872187176425,482.4568237304688,491.02642874329507,3.5524857733647957,0.6916371450275556
2025-12-24,486.90863037109375,488.04604888584674,483.7258924615979,484.5739628623746,5855900,50.581558233382104,-3.0322296639326964,1.8040078909931898,-4.836237554925886,482.72819671630856,497.0616418457031,481.6705408645639,484.8314025878907,487.99226431121747,1.3039014001382763,0.828585677739929
2025-12-26,486.599365234375,487.00843522519267,484.85335038112265,485.601642461088,8842200,50.29730012887257,-2.5155188420011427,1.8565749703397945,-4.372093812340937,482.83844604492185,496.56755249023433,483.0202104537127,485.5757019042969,488.13119335488113,1.052561501970657,0.7002869799944075
2025-12-29,485.9907531738281,487.23790659993216,483.0773893732932,483.7558335295542,10893400,49.705305627741964,-2.1305717944117646,1.7932176143433383,-3.923789408755103,482.59350433349607,496.0975408935547,483.3936109107825,485.81116333007816,488.2287157493738,0.9952642515351467,0.5371429058407531
2025-12-30,486.3699035644531,488.56487537463653,484.39440153201394,484.82341501264875,13944500,50.0993407364441,-1.774449469049273,1.719471951764664,-3.493921420813937,482.63042144775386,495.59587463378904,485.3891197832918,486.32199707031253,487.2548743573333,0.38364593526122936,0.5256767394849895
2025-12-31,482.5186767578125,487.0284031238816,482.1993981667827,486.7290680267604,15601600,46.14470160497141,-1.7824349768414436,1.3691891551779944,-3.151624132019438,482.31214752197263,494.95325134277346,482.0828542950567,485.67746582031253,489.2720773455684,1.4802463685172356,0.060621635981206894
2026-01-02,471.8630065917969,483.5563186075122,469.0893385249197,483.2869444224563,25571600,37.35801728708521,-2.618403750015034,0.42657630560352366,-3.0449800556185576,482.0731933593749,494.08018554687504,470.13955059365776,482.66834106445316,495.19713153524856,5.191469754641465,0.06877982364524693
2026-01-05,471.773193359375,474.9858617296903,468.4308161640092,472.98042932285466,25250300,37.293558630506865,-3.2506902689053163,-0.16456817062940665,-3.0861220982759097,481.6746032714843,493.14796264648436,464.9973660192712,479.7031066894532,494.40884735963516,6.131184253389489,0.23038034914632868
2026-01-06,477.4203186035156,477.64977534720424,468.68025764779384,472.72102257015473,23037700,43.8533909679419,-3.258543615866131,-0.13793721407217685,-3.120606401793954,481.4426330566405,492.32828308105474,465.05669739900884,477.9890197753907,490.9213421517726,5.411137846831224,0.47801241125438915
2026-01-07,482.3690185546875,488.5848422406915,476.86159994291296,478.6674756822987,25564200,48.89841607711147,-2.832794035575432,0.2302498929748178,-3.06304392855025,481.0659927368163,491.54683044433597,466.55922744195607,477.18884277343756,487.81845810491905,4.455098015159704,0.7436671328033826
2026-01-08,477.0212097167969,481.5608665012806,474.7763335277468,480.14408679814625,18162600,44.26916664567291,-2.8935528297027417,0.13559287907800677,-3.0291457087807485,480.3720764160156,490.5008752441406,467.22564450425585,476.0893493652344,484.95305422621294,3.7235467975901755,0.5525660751445418
2026-01-09,478.1885681152344,478.72734693664125,471.1247042989064,472.9804540365218,18491000,45.4824579318515,-2.815058305229627,0.1712699228408976,-2.9863282280705246,480.4079956054687,489.2681427001953,469.79751359103847,477.35446166992193,484.9114097488054,3.1661788820186607,0.5551880492366491
2026-01-12,476.09332275390625,479.89464390147504,474.59673866594744,475.5845048686955,23519900,43.64580373391378,-2.888621389748664,0.07816547065748836,-2.9667868604061525,480.0942108154297,488.003862915039,473.3384592619208,478.2184875488282,483.0985158357356,2.0409199618863108,0.28225896757365854
2026-01-13,469.5981750488281,474.6965236309785,464.888922501957,473.5990225282599,28545800,38.460889039563845,-3.431468963611678,-0.3717456825644203,-3.059723281047258,479.7021057128906,486.9241711425781,467.42095513136906,476.65405883789066,485.88716254441226,3.874131997966168,0.11790292769706666
2026-01-14,458.3338928222656,467.13381499707015,456.1289340170423,465.39775666549855,28184300,31.477075039470872,-4.716247052790095,-1.3252190173942697,-3.3910280353958253,478.93186492919926,485.7775360107421,455.33399434257143,471.84703369140624,488.36007304024105,6.99931891895056,0.0908342315524693
2026-01-15,455.6200866699219,463.1927988881192,454.8618076165624,463.0630900555096,23225800,30.060842786879363,-5.885579128512461,-1.9956408744933083,-3.8899382540191527,477.94761199951176,484.59215942382804,447.13104222343253,467.5668090820313,488.00257594063004,8.74132485952973,0.2077006579989782
2026-01-16,458.8127746582031,462.13520850615447,455.4404972994736,456.78739866953146,34246700,33.83262292653202,-6.479963004973172,-2.072019800763215,-4.407943204209957,477.13646392822267,483.52441223144524,446.1888607153981,463.69165039062506,481.194440065852,7.549322771062268,0.36062576815033714
2026-01-20,453.48492431640625,455.7597309230742,448.2568669541529,450.1924514863621,26130000,30.84333638197268,-7.296816348497771,-2.311098515430251,-4.98571783306752,475.66681671142584,482.4929150390624,446.7403492213001,459.16997070312505,471.59959218495,5.4139522507499835,0.27131055861066705
2026-01-21,443.0986328125,451.65911099901973,437.68100562513575,451.56931960591265,37980500,26.017331066999336,-8.682182633924072,-2.957171840685241,-5.72501079323883,473.5810760498047,481.4540588378905,441.0798004073533,453.87006225585947,466.66032410436566,5.636089670658188,0.07892068313607316
2026-01-22,450.1126403808594,451.8087507279656,443.6873036586902,446.600636936346,25349400,33.575946131619624,-9.109119346295813,-2.707286842445586,-6.401832503850227,471.8959213256837,480.5610595703124,440.21475704147554,452.2258117675782,464.23686649368085,5.311972211031487,0.412032230519838
2026-01-23,464.888916015625,470.0271819611143,449.50401819491054,450.8409629929935,38000200,46.07520292740521,-8.161072054967065,-1.4073916408934695,-6.753680414073595,470.85330047607425,479.7807458496093,437.4688490786542,454.0795776367188,470.6903061947834,7.3162191722058925,0.8253721936735348
2026-01-26,469.20904541015625,473.1700058760031,460.94790240319116,464.25036221183507,29291200,49.091443980840126,-6.9806705837928575,-0.18159213577540978,-6.799078448017448,469.9683212280274,479.03345703124984,434.6926384780148,456.15883178710936,477.6250250962039,9.411718819515421,0.8039713058373962
2026-01-27,479.485595703125,481.7703893732875,472.0825097961169,472.62128861771004,29213900,55.471838997313576,-5.156521025071413,1.314045938356828,-6.470566963428241,469.61263275146484,478.4427026367186,431.9892775011906,461.35896606445317,490.72865462771574,12.731816534875597,0.808594175243413
2026-01-28,480.533203125,482.63838346935967,476.9114647448887,482.10959164059926,36875400,56.076194726942425,-3.58501042518202,2.308445230596977,-5.893455655778997,469.3397552490234,478.0292504882811,444.01604340198867,468.8458801269532,493.67571685191774,10.59189715743739,0.735348365909633
2026-01-29,432.5128173828125,441.49232224197124,420.06122635013605,438.98802836564175,128855300,33.57871968451881,-6.143601149144899,-0.20011639469272158,-5.943484754452178,466.6469009399414,476.51816101074206,426.29096689331953,465.3259155273438,504.36086416136806,16.77746600027071,0.07969589697461235
2026-01-30,429.31011962890625,438.5989157576861,425.47886802078926,438.1699022937122,58566800,32.63822410668027,-8.333668333197807,-1.9121468629965026,-6.421521470201304,463.9864730834961,474.9965948486327,407.53961599217314,458.21015625000007,508.880696507827,22.116725073278825,0.21482407258693365
2026-02-02,422.4058837890625,429.7590957240154,421.28843915961005,429.2602343395754,42219900,30.64551504527345,-10.505327608973857,-3.2670449110180417,-7.238282697955816,461.5136169433594,473.60980895996084,391.48780475547005,448.84952392578134,506.21124309609263,25.559443026075808,0.2695009797544102
2026-02-03,410.2735595703125,421.0888704228976,407.6296003977664,421.0489834358989,61424100,27.471474835105745,-13.0548719637531,-4.653271412637828,-8.401600551115273,458.4386352539062,472.1132244873046,381.3243283117706,435.00711669921884,488.68990508666707,24.681337995013372,0.2696323358764894
2026-02-04,413.2467956542969,418.84400576689177,408.3080557741746,410.0640575889883,45012400,29.401275384021563,-14.666423528874702,-5.011858382207542,-9.65456514666716,455.22995910644534,470.83135070800773,402.12725376698876,421.5498352050781,440.9724166431675,9.214844754305526,0.28625293508878613
2026-02-05,392.7735290527344,407.37018733348754,391.4265972483441,406.51216038211834,66289200,24.556138196532935,-17.395091480831184,-6.192421067331219,-11.202670413499964,450.7501846313476,469.26592407226553,385.8660210949971,413.6019775390625,441.33793398312787,13.411907075055446,0.12452262051369163
2026-02-06,400.22650146484375,400.87501513504304,392.0252195920243,398.2609865133262,53515300,29.134417907736502,-18.740162971787413,-6.029994046629959,-12.710168925157454,446.91044921875,467.812042236328,384.7142863699335,407.78525390625003,430.85622144256655,11.315253465060577,0.33618475407440357
2026-02-09,412.65814208984375,413.94521298339265,399.9571203178888,403.9280678877113,45480500,36.10007913227032,-18.58873297357036,-4.702851238730323,-13.885881734840035,443.6339279174805,466.547130126953,387.8566046296394,405.83570556640626,423.81480650317314,8.860285425933274,0.6897324161934524
2026-02-10,412.328857421875,422.7151545880433,411.76017861216997,418.66440278178237,44857900,35.99914294464477,-18.28452154707219,-3.518911849785722,-14.765609697286466,440.4457046508789,465.1058197021483,387.67609758003374,406.2467651367188,424.8174326934039,9.142555289239175,0.663755348766845
2026-02-11,403.4491271972656,415.51159110220135,400.096793508188,415.2322299614449,42491000,33.29556970510577,-18.546163193265272,-3.0244427967830436,-15.521720396482229,437.13825225830084,463.3570104980468,387.4201871619955,404.2872314453125,421.1542757286295,8.344089534076016,0.4751555686352281
2026-02-12,400.9248962402344,405.2749831551046,397.1036315998776,404.07770370563327,40802400,32.547271733780256,-18.741163953170997,-2.5755548453510144,-16.165609107819982,434.26780242919926,461.6628771972656,393.67217186583287,405.9175048828126,418.1628378997923,6.033409680380704,0.296142390098525
2026-02-13,400.4060974121094,404.61648859375555,397.1435245648219,403.528974460687,34091600,32.38616923385923,-18.72175346983454,-2.044915489611647,-16.676837980222892,431.5071029663086,459.89331604003905,393.79078364509405,405.9534240722657,418.11606449943736,5.992135898332279,0.2719522050588843
2026-02-17,395.95623779296875,399.60790672873594,393.6315571718042,398.31087932693146,32078800,30.97016916406828,-18.848167066811982,-1.737063269271271,-17.11110379754071,428.3642761230468,458.27959899902345,390.4833445134176,402.6130432128907,414.74274191236384,6.025487203632036,0.22559889635959726
2026-02-18,398.69000244140625,401.6432531481791,395.41747315874426,397.2233488345012,23223400,32.910855915966636,-18.514337040445298,-1.1225865943236677,-17.39175044612163,425.6245300292968,456.6584991455079,394.3247757771277,399.8852722167969,405.44576865646616,2.781045877906014,0.3925213073725329
2026-02-19,398.4599914550781,404.42999267578125,396.6700134277344,400.69000244140625,28234000,32.82723304940546,-18.060148157837205,-0.5347181693724572,-17.525429988464747,423.39259796142574,454.98650451660166,394.9796082635922,398.88744506835945,402.7952818731267,1.9593681641684983,0.44530815453195643
2026-02-20,397.2300109863281,400.1199951171875,395.1600036621094,396.1099853515625,34015200,32.35381405654182,-17.596606613040706,-0.05694129966076389,-17.539665313379942,420.74846649169916,453.13306823730477,394.8113085153532,398.1484680175782,401.4856275198032,1.6763392404049995,0.3623894017295715
2026-02-23,384.4700012207031,395.3599853515625,383.1000061035156,395.0,43238300,27.864320695779732,-18.050794425480262,-0.40890328968025713,-17.641891135800005,416.7275207519531,451.0044775390626,383.03026539111386,394.9612487792969,406.89223216747996,6.041596954160962,0.06033600847249701
2026-02-24,389.0,389.3599853515625,381.7099914550781,384.1400146484375,33884700,31.49847886794631,-17.839565094707268,-0.15813916712581033,-17.681425927581458,412.71706848144527,449.2350738525391,380.6387599951295,393.57000122070315,406.5012424462768,6.57125349262694,0.32329611129420377
2026-02-25,400.6000061035156,401.4700012207031,390.1600036621094,390.5299987792969,43625500,39.85453591034373,-16.545415529921343,0.9088083181280915,-17.454223848049434,408.77278900146484,447.59969360351573,380.1790598931115,393.952001953125,407.72494401313844,6.992192953319353,0.7413429215567378
2026-02-26,401.7200012207031,407.489990234375,398.739990234375,404.7099914550781,34405900,40.60784440273994,-15.253584601952582,1.760511396877483,-17.014095998830065,404.83212890625,446.08528808593763,379.51797581647537,394.60400390625,409.69003199602463,7.646160677760769,0.7358472777628055
2026-02-27,392.739990234375,396.82000732421875,389.8800048828125,390.8800048828125,51367200,36.64480969475166,-14.78399048234553,1.7840844131876281,-16.568074895533158,402.84348754882814,444.46531372070325,378.86905869514237,393.7059997558594,408.54294081657645,7.537066272760668,0.46744579905213546
2026-03-02,398.54998779296875,401.19000244140625,390.6300048828125,392.8599853515625,35474900,40.67859807707461,-13.784120748835733,2.2271633173579417,-16.011284066193674,401.3054809570313,442.93021057128914,385.6295149460947,396.5219970703125,407.4144791945304,5.4940115326244365,0.593091303686755
2026-03-03,403.92999267578125,406.70001220703125,392.6700134277344,393.1400146484375,38199200,44.2201963372953,-12.414488850176838,2.8774361728134714,-15.29192502299031,400.38168640136723,441.5080957031252,391.00134000344264,399.5079956054688,408.014651207495,4.258565883836206,0.7599139589746164
2026-03-04,405.20001220703125,411.0299987792969,400.30999755859375,401.2699890136719,35808000,45.05413728673055,-11.098627669530401,3.3546378827679266,-14.453265552298328,400.12800903320317,439.95453857421893,390.46116461299476,400.4279968261719,410.3948290393491,4.978089590226038,0.7393947885743599
2026-03-05,410.67999267578125,411.6099853515625,404.3999938964844,404.4200134277344,39001300,48.62338814732351,-9.504052773573392,3.959370222979949,-13.46342299655334,399.9996688842774,438.47186950683613,388.5556034902057,402.2199951171875,415.8843867441693,6.794486496376517,0.8095636377212931
2026-03-06,408.9599914550781,413.04998779296875,408.510009765625,409.20001220703125,31123900,47.578694331350654,-8.28364173852276,4.143825006424466,-12.427466744947226,400.8089920043946,436.97475463867204,395.99536459060755,405.4639953613282,414.9326261320489,4.670516188389413,0.6846093790329426
2026-03-09,409.4100036621094,410.2099914550781,403.5,404.9200134277344,30131900,47.894129913288246,-7.197180361343555,4.1842291068829365,-11.381409468226492,401.26816711425784,435.4481280517579,401.81925884774154,407.63599853515626,413.452738222571,2.8538891110290714,0.6524913630561296
2026-03-10,405.760009765625,410.20001220703125,402.92999267578125,410.0299987792969,31706400,45.502517495102836,-6.555112637502816,3.861037464578942,-10.416150102081758,400.9232604980469,433.8251556396486,403.21143596203314,408.00200195312505,412.79256794421696,2.348305139758747,0.26599923770290973
2026-03-11,404.8800048828125,409.010009765625,401.5899963378906,405.57000732421875,25512100,44.92011000707453,-6.047565805914644,3.494867436933692,-9.542433242848336,400.5508178710937,432.1907684326173,402.95555523044635,407.93800048828126,412.9204457461162,2.442746325113706,0.19312301016653885
2026-03-12,401.8599853515625,406.1199951171875,401.7099914550781,404.6300048828125,27263900,42.891171938686206,-5.821910264503231,2.9764183826760835,-8.798328647179314,400.4713607788086,430.50815307617205,399.95387026646324,406.1739990234375,412.39412778041174,3.0627902189353717,0.15322151353877117
2026-03-13,395.54998779296875,404.79998779296875,394.25,401.0,26848000,38.93419679456536,-6.082129685285224,2.1729591695152717,-8.255088854800496,400.2026153564453,428.69175476074236,393.1077687622664,403.49199829101565,413.8762278197649,5.147179905788216,0.11759269303230176
2026-03-16,399.95001220703125,400.6300048828125,394.7900085449219,398.07000732421875,27733700,42.89071109987227,-5.865694182094785,1.911515738164569,-7.777209920259354,400.17981109619143,427.0403814697267,393.3867903298064,401.6,409.81320967019366,4.090243859658185,0.39955280217935357
2026-03-17,399.4100036621094,404.3999938964844,397.75,400.2699890136719,26228300,42.52654044280198,-5.672354293639046,1.6838845012962471,-7.356238794935293,400.3524993896484,425.5913214111329,393.4829044836482,400.3299987792969,407.17709307494556,3.420725060088988,0.4328185740210875
2026-03-18,391.7900085449219,398.0,391.0,397.1300048828125,25908500,37.66654131830539,-6.064097817232721,1.0337127821620582,-7.097810599394779,400.0074996948242,423.9916577148439,389.6595478894178,397.7119995117188,405.76445113401974,4.049388317268358,0.1322864610328012
2026-03-19,389.0199890136719,392.489990234375,387.05999755859375,390.1000061035156,25138800,36.05353235821419,-6.522883072487275,0.45994202152600394,-6.982825094013279,399.5354995727539,422.223651123047,385.64588801545534,395.14400024414067,404.642112472826,4.807418167967575,0.17761955833846554
2026-03-20,381.8699951171875,387.0,380.1199951171875,386.7900085449219,50853200,32.218303947618644,-7.37836524344624,-0.3164321195463682,-7.0619331238998715,398.7674987792969,420.21367065429695,377.2812015778467,392.40800170898444,407.5348018401222,7.7097307217277535,0.15167760198982938
2026-03-23,383.0,387.2099914550781,381.67999267578125,383.8999938964844,29680100,33.42367992344599,-7.874388033535126,-0.6499639277082032,-7.224424105826923,398.6939987182617,418.33324645996106,374.77061097191876,389.01799926757815,403.26538756323754,7.32479644771378,0.28880342338210885
2026-03-24,372.739990234375,382.4700012207031,371.8500061035156,382.3599853515625,42733600,28.472702679407064,-8.991735579340855,-1.4138491788111454,-7.577886400529709,397.8809982299805,416.22427490234395,368.9289983526423,383.6839965820313,398.4389948114203,7.691224216193962,0.12914240389883563
2026-03-25,371.0400085449219,377.05999755859375,369.6300048828125,376.9200134277344,31181200,27.73951249257421,-9.900291477015742,-1.8579240611888252,-8.042367415826916,396.40299835205076,414.1232086181642,364.50866875568056,379.5339965820313,394.55932440838205,7.917777043250047,0.21734433566856837
2026-03-26,365.9700012207031,374.7200012207031,365.19000244140625,370.82000732421875,36836600,25.620540283323372,-10.903744214994845,-2.289101439334342,-8.614642775660503,394.61549835205074,412.0506451416017,360.31242804057956,374.92399902343755,389.53557000629553,7.794417546444966,0.19359907250085978
2026-03-27,356.7699890136719,362.45001220703125,356.510009765625,361.8999938964844,37883400,22.29275911287889,-12.299570049414058,-2.9479418190028426,-9.351628230411215,392.8169982910156,410.0193670654298,350.699384736909,369.9039978027344,389.1086108685598,10.383566103585078,0.15805067917680446
2026-03-30,358.9599914550781,365.3599853515625,356.2799987792969,361.8999938964844,44797000,24.796812609751413,-13.078298698725291,-2.98133637465126,-10.096962324074031,390.83749847412105,408.08616516113284,350.90097012593856,365.09599609375005,379.29102206156153,7.776051295926271,0.28386779099292003
2026-03-31,370.1700134277344,372.8999938964844,363.07000732421875,364.54998779296875,45244400,36.14049836663757,-12.645126529298864,-2.038531364179864,-10.606595165119,389.1494995117187,406.31330993652347,351.64009934378606,364.5820007324219,377.5239021210577,7.09958328312224,0.7158883972110656
2026-04-01,369.3699951171875,373.989990234375,368.20001220703125,373.489990234375,29417200,35.72632286729697,-12.22546174293376,-1.2950932622518074,-10.930368480681953,387.3579986572265,404.6310113525391,352.0761433030143,364.24799804687507,376.41985279073583,6.683278869960662,0.7104033106744009
2026-04-02,373.4599914550781,373.6400146484375,364.1499938964844,367.2099914550781,24099100,39.5410092252319,-11.431075530161422,-0.4005656395835757,-11.030509890577846,385.49699859619136,403.23823852539067,350.9531064238599,365.74599609375,380.53888576364017,8.089160142766593,0.7607332148575874
2026-04-06,372.8800048828125,373.7300109863281,369.5,373.489990234375,16146600,39.1858406276592,-10.724691237826391,0.24465492220116403,-10.969346160027555,383.69299926757816,401.69358581542974,357.25269129785073,368.96799926757814,380.68330723730554,6.350311134289662,0.6669612794364035
2026-04-07,372.2900085449219,372.45001220703125,366.55999755859375,370.3399963378906,21443300,38.80400241028329,-10.096102782320713,0.6985947021654741,-10.794697484486187,381.8369995117188,399.8416076660157,368.08631400611773,371.63400268554693,375.18169136497613,1.9092379350610869,0.5924553869648577
2026-04-08,374.3299865722656,385.0,371.4100036621094,384.9800109863281,33064800,40.946673213484836,-9.325830357366328,1.1750937016958893,-10.500924059062218,380.2654983520508,397.9440264892579,368.6910689410979,372.46599731445315,376.2409256878084,2.026992208992579,0.7468906789025673
2026-04-09,373.07000732421875,373.5,367.04998779296875,372.5,30435300,40.014760491059235,-8.716574461791993,1.42747967781618,-10.144054139608173,378.67499847412114,395.8157147216797,371.6921752468921,373.20599975585935,374.7198242648266,0.8112541116474953,0.45508315830697715
2026-04-10,370.8699951171875,375.6400146484375,370.0299987792969,372.9800109863281,28111100,38.37256871699943,-8.315402589047721,1.4629212404483631,-9.778323829496085,377.12549896240233,393.62245056152346,370.169577504246,372.68800048828126,375.20642347231654,1.3514913175287335,0.139058771576814
2026-04-13,384.3699951171875,384.5400085449219,371.0199890136719,373.6099853515625,35745800,51.52044566137487,-6.829408642150611,2.3591321498763804,-9.188540792026991,376.5664993286133,392.659594116211,364.1984774097268,374.9859985351562,385.77351966058563,5.7535594222556234,0.9349468461253064
2026-04-14,393.1099853515625,394.69000244140625,386.5199890136719,387.9200134277344,37504500,57.797823581660936,-4.890133153467502,3.4387261108475915,-8.328859264315094,376.2244979858399,391.93559143066415,360.4180195937153,379.1499938964843,397.8819681992533,9.881036320355692,0.8726246691736755
2026-04-15,411.2200012207031,414.3699951171875,396.7300109863281,398.0,45063400,67.25830745230243,-1.870356126864408,5.166802509960549,-7.037158636824957,376.8149978637695,391.7118737792969,353.6043712011419,386.5279968261719,419.4516224512019,17.03557097823179,0.8749891442052978
2026-04-16,420.260009765625,420.82000732421875,412.1400146484375,419.8599853515625,41642400,70.7795800544447,1.2380209274977005,6.620143651458126,-5.382122723960426,378.23849792480473,391.91160278320314,356.0245767873124,395.96599731445315,435.9074178415939,20.17416687192036,0.804120536156992
2026-04-17,422.7900085449219,431.5799865722656,420.69000244140625,424.82000732421875,48568200,71.69699789065521,3.861073839349274,7.39455725064776,-3.5334834112984863,379.9269989013672,392.10246704101564,372.49888824475886,406.35,440.2011117552412,16.661061525896965,0.7428281922288187
2026-04-20,418.07000732421875,423.3299865722656,416.29998779296875,421.1499938964844,27582200,67.44275288299913,5.495647119184298,7.223304424386227,-1.7276573052019295,381.7369995117188,392.60839660644535,389.1526350099969,413.0900024414062,437.02736987281554,11.589419879414608,0.6040215658025542
2026-04-21,424.1600036621094,427.17999267578125,417.20001220703125,420.239990234375,32048500,69.92258161524444,7.199478916730868,7.141708977546238,0.057769939184630026,383.79499969482424,393.0870666503907,409.1254949975628,419.3000061035156,429.47451720946844,4.8530937075354945,0.7388319943820352
2026-04-22,432.9200134277344,433.70001220703125,423.6700134277344,426.19000244140625,29378200,73.09688754807134,9.151148723271774,7.274703027269715,1.876445696002059,386.8040008544922,393.4923040771485,412.2575355757646,423.64000854492184,435.02248151407906,5.373653450840325,0.9076444946523622
2026-04-23,415.75,423.6600036621094,411.4100036621094,419.8900146484375,38308000,59.7796958154869,9.206260478055583,5.8638518256428185,3.342408652412764,389.0395004272462,393.56072692871106,409.4594337630897,422.7380065917969,436.01657942050406,6.282176015240192,0.23686906409514963
2026-04-24,424.6199951171875,424.95001220703125,415.79998779296875,416.9700012207031,27413900,63.481118359902496,9.852102512057229,5.207755087715571,4.644347424341658,391.9720001220704,393.9841442871095,409.7178206263557,423.10400390624994,436.49018718614417,6.3276088887404125,0.5566252224117738
